:020000040800F2
:1000000000000220E1040008310D0008330D000853
:10001000350D0008370D0008390D000800000000FC
:10002000000000000000000000000000D1390008BE
:100030003B0D000800000000613A00083D0D00087B
:1000400031050008310500083105000831050008B8
:1000500031050008310500083105000831050008A8
:100060003105000831050008310500083105000898
:100070003105000831050008310500083105000888
:100080003105000831050008310500083105000878
:100090003105000831050008310500083105000868
:1000A0003105000831050008310500083105000858
:1000B0003105000831050008310500083105000848
:1000C0003105000831050008310500083105000838
:1000D0003105000831050008310500083105000828
:1000E0003105000831050008310500083105000818
:1000F0003105000831050008310500083105000808
:1001000031050008310500083105000831050008F7
:100110003105000831050008250D000831050008EB
:1001200031050008310500083105000831050008D7
:1001300031050008410D00083105000831050008AF
:1001400031050008310500083105000831050008B7
:1001500031050008310500083105000831050008A7
:100160003105000831050008310500083105000897
:1001700031050008310500083105000800000000C5
:04018000310500083D
:1001900010B5054C237833B9044B13B10448AFF3C1
:1001A00000800123237010BD8C000020000000009F
:1001B000D0C5000808B5034B1BB103490348AFF392
:1001C000008008BD0000000090000020D0C500089D
:1001D00010F8012B11F8013B012A28BF9A42F7D0F1
:1001E000D01A7047034613F8012B002AFBD1181AC6
:1001F0000138704753B94AB9002908BF00281CBF0D
:100200004FF0FF314FF0FF3000F068B9ADF1080C4E
:100210006DE904CE00F006F8DDF804E0DDE9022324
:1002200004B070472DE9F047089D0C46002B4ED1D5
:1002300094468C458646B2FA82F262D94AB1C2F13E
:100240002003914020FA03F30CFA02FC194300FA50
:1002500002FE4FEA1C47B1FBF7F407FB14111FFA2B
:100260008CF64FEA1E4343EA014304FB06F1994230
:100270000AD91CEB030304F1FF3080F0108199428E
:1002800040F20D81023C6344591AB1FBF7F007FBC1
:10029000101100FB06F61FFA8EF343EA01439E425B
:1002A0000AD91CEB030300F1FF3180F0FA809E4273
:1002B00040F2F7806344023800219B1B40EA04406F
:1002C0001DB1D3400022C5E90032BDE8F0878B4262
:1002D00005D90DB1C5E9000100210846F5E7B3FADB
:1002E00083F1002946D1A34202D39042C0F0EE80B0
:1002F000861A64EB03030120002DE6D0C5E90063F4
:10030000E3E7002A40F08F80A1EB0C0401214FEAC3
:100310001C481FFA8CF7B4FBF8F608FB164407FBE1
:1003200006F04FEA1E4343EA0443984208D91CEB07
:10033000030306F1FF3402D2984200F2CB80264636
:100340001C1AB4FBF8F008FB104400FB07F71FFA77
:100350008EF343EA04439F4208D91CEB030300F1E8
:10036000FF3402D29F4200F2AE802046DB1B40EAFF
:100370000640A5E7C1F120078B4022FA07FC4CEAB2
:10038000030C24FA07F64FEA1C49B6FBF9F81FFAEA
:100390008CFE09FB186620FA07F38C4000FA01FA7C
:1003A00008FB0EF01C43230C43EA0643984202FA72
:1003B00001F20AD91CEB030308F1FF3680F08180BB
:1003C00098427ED9A8F1020863441E1AB6FBF9F3DD
:1003D00009FB136603FB0EFEA4B244EA0644A645DD
:1003E00008D91CEB040403F1FF3066D2A64564D99A
:1003F000023B644443EA0840A0FB0283A4EB0E04E2
:100400009C42C6461E4650D34DD055B1BAEB0E03A2
:1004100064EB060404FA07F7CB401F43CC40C5E960
:100420000074002151E70CFA02FCC2F12003D9400C
:100430004FEA1C4820FA03F300FA02FEB1FBF8F081
:1004400008FB101194401C431FFA8CF7230C43EA5D
:10045000014300FB07F1994208D91CEB030300F1AB
:10046000FF362CD299422AD9023863445B1AB3FB77
:10047000F8F108FB1133A4B244EA034401FB07F38B
:10048000A34208D91CEB040401F1FF3613D2A342A6
:1004900011D902396444E41A41EA00413BE70446B9
:1004A000F2E6084608E7C245AFD2B8EB020E63EBAE
:1004B0000C060138A9E73146EDE703469AE73046D6
:1004C000D4E7B04681E7634402384FE70646234647
:1004D000084611E7023E634432E700BF704700BFA1
:1004E000DFF834D0002103E00C4B5B58435004315B
:1004F0000B480C4B42189A42F6D30B4A02E00023F9
:1005000042F8043B094B9A42F9D300F065FC0BF02A
:100510004FF800F08DFB704700000220185F0108C3
:10052000000000208C0000208C000020340C0120F2
:10053000FEE70120704708B50BF034F8162303607E
:100540004FF0FF3008BD08B50BF02CF81623036000
:10055000FEE770B50D4614460E46731B9C4201DC47
:10056000204670BDAFF3008006F8010BF5E770B5CB
:100570000D4614460E46731B9C4201DC204670BD9E
:1005800016F8010BAFF30080F5E700000A4A08B542
:100590001168034609B909491160694610680344A6
:1005A0008B4206D90AF0FEFF0C2303604FF0FF30A8
:1005B00008BD1360FCE700BFA8000020380C012034
:1005C0004FF0FF3070474FF4005300204B607047EE
:1005D000012070470020704790F83330DB074CBF94
:1005E0000020012000F0EABB2DE9F74F4FF0000892
:1005F0000C46454640F2F45BDFF88CA0DAF82C603C
:10060000B3682CB92946204800F0A6FD204604E036
:100610003268002A0FDA6FF00700DAF8003003F5CD
:1006200080535A69920641BF20225A6100225A60C3
:1006300003B0BDE8F08F47464FF00009628961685A
:1006400007EB0208D84503EB0700494408D8CDE979
:1006500000230AF0DCFF009A2468019B1544D0E7D0
:10066000ABEB07020AF0D3FFF6683368002BD2DB4E
:1006700009F2F45905F2F455A9EB0709ED1BB3682B
:100680000027A8F2F452DAE7B00000202DE9F74F76
:100690008346374C4FF0FF31A06C02F0C8FF07468D
:1006A0000028F7D1204600F0C7FD05460028F1D10B
:1006B000A18FD4F84080E1B900260022236BA16B02
:1006C0008A424DD32368A76303F580535A69120603
:1006D00042BF80225A619F60002EDBD059463046CF
:1006E000DBF8103098470028DCD0304607F0D2F80D
:1006F000D8E70322042007F037F906460028DBD0AC
:1007000043468046226B0092A9464FF0000AB8F893
:100710000A2040F2F45CD8F8040009EB02056545B4
:10072000504403EB090109D801930AF070FFD8F88F
:100730000080019BB8F1000FE6D1BEE7C9F5BE62AB
:1007400004320AF064FF009B0AF2F45ADB68AAEB59
:10075000090A00934FF000099B68A5F2F452D8E70C
:100760001968013241F000411960DB68A7E700BF5A
:10077000B000002030B500258DB0394C0095236BBA
:1007800007A943F001032363236B364803F00103F9
:100790000093009B0195236B43F002032363236BBB
:1007A00003F002030193019B0295236B43F00403C2
:1007B0002363236B03F004030293029B0395236BD3
:1007C00043F040032363236B03F040030393039B35
:1007D00003230A930223CDE908350B230B938623C9
:1007E000079300F03DFF4FF4005307A91E480793FD
:1007F00000F036FF322307A91C48079300F030FFB2
:1008000042F6040307A91A48079300F029FF2A4675
:1008100007213D2000F052FB3D2000F07FFB0495B6
:10082000236B43F000732363236B03F00073049383
:10083000049B0595236B43F080632363236B03F0D4
:1008400080630593059B0695236B43F00063236348
:10085000236B03F000630693069B0DB030BD00BF11
:10086000003802400000024000040240000802403C
:1008700000180240014B986C02F0FFBEB00000204F
:10088000F0B5044689B030B94FF4D872314B3249D3
:1008900032480AF093FD47F27343A386304B314D43
:1008A0006361314B4FF48042A361304B18689B88E1
:1008B0000190ADF808302E4B28462B6001AB6B61E0
:1008C0000123C5E901324FF40062AB61EA60002305
:1008D0004FF40002EB612A622B8200F0A1FD28B9DF
:1008E00094F8333043F0040384F83330214905236E
:1008F000214AA1F14C0000F0BBFB2049204A05230E
:10090000A1F1EC0000F0EFFB40F2DC53638540F214
:1009100006230027E36294F83330012143F00A03F1
:1009200084F833306846278684F83270009702F0E6
:1009300069FE144EA86403AD0FCE0FC5336821467F
:1009400003A82B6002F0EAFD064800F04FFE38468F
:1009500009B0F0BD843301088C4201081734010846
:1009600005630008B0000020E9050008E8C500089C
:1009700000800240FC0000203C0200209C0100207E
:1009800000200020F0C5000800F06EBA012307B572
:100990000022009304494FF4FA7304480AF0CAFB9A
:1009A00003B05DF804FB00BF5D0A00084534010890
:1009B00030B50024ADF5077D054621464FF40072A1
:1009C00006A8CDE90344ADF814400AF07CFD1C4BA9
:1009D0001C491A6803A801321A600AF001FD03A934
:1009E00006A80AF078FD184906A80AF074FD174910
:1009F00006A80AF070FD06A8FFF7F4FB06AB184442
:100A000002F0B0FE124906A80AF065FD114906A8D9
:100A10000AF061FD012340F23B620F492846009431
:100A200003F0F2FA06A8FFF7DDFB0123024600946B
:100A3000284606A903F0E8FA0DF5077D30BD00BF92
:100A4000C43D00204A3401084D34010881340108B6
:100A5000B7340108ED34010804C6000800222DE96E
:100A6000F047114610208CB003F07EF906460028AE
:100A700000F082805022002103F0E6F900287BD1AB
:100A8000FF21304603F004FADFF8F480DFF8F49039
:100A9000DFF8F4A0304604A903F016FA0028F9D1D3
:100AA000049C05A9204603F05FFA002845D194F97B
:100AB0000830002B41D105980DF10E0206A904F073
:100AC0008DFABDF80E30042B37D9069D052241461C
:100AD00028460AF00FFD80BB1B22494628460AF033
:100AE00009FD074670B9294907A80AF045FB3B46AE
:100AF00000972046DDE9071203F086FA07A80AF0FE
:100B00005BFB1AE01F22514628460AF0F3FC074619
:100B100008B91F49E8E71D2228461E490AF0EAFCE9
:100B2000074608B91C49DFE7182228461B490AF086
:100B3000E1FC60B92046FFF73BFF204603F0AEFA28
:100B4000059804F039FA049803F068F9A2E7132233
:100B5000284613490AF0CEFC28B10622284611493E
:100B60000AF0C8FC30B9104907A80AF005FB0023B9
:100B70000093BEE70D49F7E70CB0BDE8F08700BF72
:100B8000283501082E3501084A350108323501089B
:100B90004E3501086A3501086E35010888350108AF
:100BA000A1350108B5350108A5350108BC35010896
:100BB00000B5002089B000F0C9F8012000F0C6F8A7
:100BC0000021084604F0C6FA6FF07F43144A154C22
:100BD000CDE9052303F52843C1330793124B05A93B
:100BE0000293124B06AA019300232046009307AB01
:100BF00006F06EFD204606F0ABFD94F8333020463B
:100C000059070AD506F0AAFDFFF7C0FE0548FFF711
:100C1000E3FC002002F09AFCFBE706F0ADFDF3E7F1
:100C2000C0A8000AC83D002019510008810800082A
:100C300000B593B000F0F2F8052301220224CDE9BB
:100C400006234FF480020821CDE90C42F02206A8C9
:100C5000CDE90E12CDE9104300F0E8FD0F23002688
:100C6000CDE901344FF4A053CDE903634FF4805331
:100C7000084D032101A806AC059300F09BFF0FCDA2
:100C80000FC42B683146236006A802F047FC02F02F
:100C900039FCFEE740CC000810B5014688B00022C0
:100CA000362000F00BF9362000F038F900230293CB
:100CB000174B01A91A6C03A842F010021A641B6CAE
:100CC00003F010030293029B01F030F8069BCBB9AE
:100CD00001F014F80F4C104B236040F2E733E3604F
:100CE0000E4BB0FBF3F00023013860602046236117
:100CF000A360A36101F076F940B9204601F036F80F
:100D000008B010BD00F0FAFF4000E3E70120F7E76C
:100D100000380240003E00200010004040420F001A
:100D200000F096B8014801F05FB800BF003E002017
:100D30007047FEE7FEE7FEE7FEE7704702F008BDFA
:100D4000014800F0BEBA00BFB000002070B5184BDB
:100D500088B008BB01901A6B42F002021A631B6B49
:100D600003F002030193019B124B002633F810504D
:100D70000123CDE9043602230F4C03A904EB8004C0
:100D800060680693039500F06BFC32462946606864
:100D900000F046FD08B070BD002202921A6B42F0CE
:100DA00002021A631B6B03F002030293029BDBE750
:100DB0000038024054CC000800000020044B0549D4
:100DC00003EB800331F810100122586800F028BDB1
:100DD0000000002054CC000800210C4B1A6842F09F
:100DE00001021A6099601A6822F0847222F480323B
:100DF0001A60074A5A601A6822F480221A604FF07B
:100E00000062D960034B9A60704700BF003802400F
:100E10001030002400ED00E07047000008B50B4BD7
:100E200003201A6842F400721A601A6842F4806261
:100E30001A601A6842F480721A6000F02DF80F20D0
:100E4000FFF72AFFFFF7E8FF002008BD003C024043
:100E5000034A044B11681B780B441360704700BFB2
:100E6000483E002018000020014B1868704700BF62
:100E7000483E002038B50446FFF7F6FF0546631CE0
:100E80001EBF044B1B78E418FFF7EEFF431BA34281
:100E9000FAD338BD1800002007490302CA6803F4DA
:100EA000E06322F4E0621204120C134343F0BF63C8
:100EB00043F40033CB60704700ED00E0154B30B5D4
:100EC000DC68C4F30224C4F10703251D042B28BFEA
:100ED0000423062D4FF0FF3594BF0024033C05FA90
:100EE00003F321EA0303A54022EA0502A3400028F8
:100EF00043EA0203ACBF00F16040074A4FEA031324
:100F0000DBB2ABBF00F5614000F00F0080F80033AA
:100F1000135430BD00ED00E014ED00E0002807DBC5
:100F200001234109034A00F01F00834042F82130A9
:100F3000704700BF00E100E04FF4FA52064B82B068
:100F40001B68B3FBF2F3019300BF019B5A1E019291
:100F5000002BF9D102B0704714000020002307B520
:100F60000193036803F580539A6942F480129A61F1
:100F70009B690193FFF7E0FF0368019A03F5805333
:100F80009A6103B05DF804FB70B5044629B14FF4D3
:100F900080434FF40062C0E90232D4E902321343C5
:100FA000E2692168B2FA82F25209086843EA8223B0
:100FB0002B4A0240134343F400730B6001200D6879
:100FC000FFF758FF4022236801201D605A605D68CA
:100FD000FFF750FF236801205D6000259D60DD6004
:100FE0009A6922F0BE021204120C42F080029A6149
:100FF0009E69FFF73FFF236801209E61DD61DD6987
:10100000FFF738FF2268174BD56102F580529169CE
:1010100001200B4043F0087343F00403936195698A
:10102000FFF728FF2368104A03F580539D610120D4
:101030001A601D68FFF71EFF2368A26903F580533D
:101040001D60012A01BFDA6942F4803242F0400299
:10105000DA616269054B9188196412685A6470BD3F
:101060000F8120FF233FDEF88020C1020080024074
:10107000F0B5044690F8450001284FF002001AD060
:1010800001254FF4801784F8455040F2F45C0025A8
:1010900084F84400E16201F1200003F1FF3E9D422B
:1010A0000AD12368002003F580531961012384F8D5
:1010B000450084F84430F0BD0CFB052640F8186C60
:1010C000E66940F8207C2EB950F8206C46F44006C2
:1010D00040F8206CAE4594BF0E460646013540F8F8
:1010E000146C2030DBE72DE9F041044690F8450010
:1010F00001284FF002001CD001254FF0004684F873
:10110000455044F2F457002540F2F45C84F8440062
:10111000A16201F1200003F1FF3EAB420BD1236835
:10112000002003F58053D960012384F8450084F83A
:101130004430BDE8F0810CFB052840F8188CAE4522
:1011400094BF8846804640F8206C40F81C7C40F8EC
:10115000148C01352030E0E7F0B590F845300246B8
:10116000012B4FF002000BD0012382F8440082F8DB
:10117000453031B982F844300023012082F84530EF
:10118000F0BDD36A1868002801DA1223F2E740F2B2
:10119000F454A1422FD9B1FBF4F004FB101444B372
:1011A0000130244C01F2F45104FB001140F2F456DA
:1011B0000024C1F30C01471E1D6825F040551D6039
:1011C0001CB91D6845F080551D60A74208BF1D6809
:1011D00004F1010404BF45F000551D601D685E6008
:1011E00045F0004508BF596084421D60DB68E3D1CB
:1011F0000DE00128D5D11868C1F30C0140F0405032
:1012000018605960196841F000411960DB68D362C9
:101210001368002003F580535969490741BF042131
:10122000596100215960012382F8450082F8443059
:10123000A6E700BF0CFAFFFF30B590F84520034643
:10124000012A4FF0020039D0012283F84400062021
:1012500083F845209A6A1168002901DB013806D11C
:101260000120002283F8440083F8452026E011681D
:10127000D46801F44071B1F5007F04D101211A63F3
:1012800099639C62E6E71568996B15F4407F01F15C
:101290000101F5D0012908BF1A63C3E90D211268C5
:1012A0000020C2F30D42043ADA631A6B92689C6222
:1012B0001A64012283F8450083F8442030BD70474A
:1012C0007047026838B502F580525569044615F03A
:1012D000400525D0FFF7CEFA4022236803F580535E
:1012E0005A61012384F84430002384F845304FF4D8
:1012F0008032236803F580535A615B691B040ED565
:101300002046FFF7DDFF4FF40042236803F58053CA
:101310005A61012384F84430002384F8453038BDF5
:101320005369DA07E3D5FFF7CAFF0122236803F503
:1013300080535A6184F8442084F84550D7E7F8B5C3
:1013400090F844300646822B154630D0822302683E
:10135000048A80F844301369E402890101F4F861D9
:10136000A4B203F01C030C431C4344F001041461B9
:10137000FFF77AFD074614F0010007D133685B6977
:101380009BB22B60012386F844300CE0FFF76CFD24
:10139000C01BB0F5803F07D3012386F844300023FB
:1013A000032086F84530F8BD33681C69E3E7022066
:1013B000F9E770B590F844300546422B2ED0422311
:1013C00080F844302C8A0368E4021869890101F42A
:1013D000F861A4B200F01C000C43044392B244F044
:1013E00003045A611C61FFF73FFD064614F001003B
:1013F00003D1012385F844300CE0FFF735FD801B55
:10140000B0F5803F07D3012385F844300023032043
:1014100085F8453070BD2B681C69E7E70220F9E7C5
:101420000023F7B50446009300284AD090F84430D2
:1014300003F0FF021BB980F84520FFF79BF900235A
:101440000193624B5A6C42F480425A645B6C03F421
:1014500080430193019B5E4B5A6822F400025A605C
:101460005A68216A0A435A60236803F580531A6850
:1014700042F001021A60FFF7F7FC0546236803F506
:1014800080521268D00720D41D6900F031FC514B06
:10149000514A0344934225F01C0524D245F0080527
:1014A00023684FF400421D6100212046FFF781FFB1
:1014B000054640B301212046FFF766FD012384F86D
:1014C00044300125284603B0F0BDFFF7CDFC401B9A
:1014D000B0F5FA7FD2D9032384F8443000230325E2
:1014E00084F84530EEE73D4B3D4A0344934202D831
:1014F00045F00C05D4E73B4B3B4A0344934228BFDD
:1015000045F00405CCE7FF20FFF7B4FC6168002933
:101510004BD0FFF7A9FC41F2883706466A46012105
:101520002046FFF70CFFFFF79FFC801BB84205D950
:1015300001212046FFF728FD0123CDE7009B590735
:10154000ECD54FF4805200212046FFF732FF0028EF
:10155000B0D1FFF789FC41F2883706466A4601217F
:101560002046FFF7ECFEFFF77FFC801BB842DFD878
:10157000009B9A06F2D56A461F212046FFF7DFFE40
:10158000002897D1009AC2F30013DB02E3605307EF
:1015900056BF4FF48043A060A36000212046FFF7B0
:1015A000F3FC012384F844308CE7D4E90223520889
:1015B00042EAD302204692B2FFF7FBFE00287FF4F6
:1015C00079AF40F6FF70FFF755FCE6E700380240C0
:1015D0000038014000D3CEFEC0E1E40040F1E9FD57
:1015E0003F787D0100796CFC005A620237B590F8B3
:1015F00045300224012B2FD080F8444001250024DF
:101600000368019480F845501A6842F008021A6095
:101610001B680193FFF790FC019A03681A6000941D
:101620001A6842F004021A601B680093FFF784FCFA
:101630000368009A1A60FFF791FC036803F5805372
:101640009A6942F400529A619A6942F002029A61E0
:1016500080F8445080F84540204603B030BD00007B
:1016600000232DE9F74FDFF8AC916B4C0A6832FA92
:1016700003F502D103B0BDE8F08F012505FA03F8A8
:1016800018EA020200F0B38003274E684FEA430EC7
:1016900006F0030507FA0EFC6F1E012F6FEA0C0C13
:1016A00034D8876807EA0C0ACF6807FA0EF747EACA
:1016B0000A078760476827EA0808C6F300179F40B3
:1016C00047EA08074760C768022D07EA0C088F68D9
:1016D00007FA0EF747EA0807C76019D14FF00F0B5A
:1016E0004FEAD30800EB880803F0070AD8F8207007
:1016F0004FEA8A0A0BFA0AFB27EA0B0B0F6907FA73
:101700000AF747EA0B07C8F8207001E0032DDAD189
:10171000076805FA0EF507EA0C073D4316F4403F4B
:10172000056064D000254FF00F0E0195D9F84450A4
:1017300023F0030745F48045C9F84450D9F84450D4
:1017400007F1804705F48045019507F59C3703F0C4
:10175000030C019D4FEA8C0CBD680EFA0CFE25EAC5
:101760000E0E2E4DA84244D005F58065A84242D009
:1017700005F58065A84240D005F58065A8423ED0B9
:1017800005F58065A8423CD005F58065A8423AD0B1
:1017900005F58065A84238D005F58065A84236D0A9
:1017A00005F58065A84214BF0925082505FA0CF542
:1017B00045EA0E05BD60D743A56816F4801F0CBF2F
:1017C0003D401543A560E56816F4001F0CBF3D4081
:1017D0001543E560656816F4003F0CBF3D401543B6
:1017E00065602568F60354BF3D401543256001330D
:1017F0003CE70025DAE70125D8E70225D6E70325EF
:10180000D4E70425D2E70525D0E70625CEE707254E
:10181000CCE700BF00380240003C0140000002401D
:101820000AB1816170470904FBE700002DE9F3412B
:10183000044640B30368DE0710D423689D0744D4F0
:101840002368190700F1908023685A0700F1B080DF
:10185000A369002B40F00181002027E09C4B9A688F
:1018600002F00C02042A07D09A6802F00C02082A3F
:101870000BD15B68590208D5954B1B689A03DCD5E0
:101880006368002BD9D1012010E02379904DAB7013
:10189000636873B1FFF7E8FA06462B689B03CCD464
:1018A000FFF7E2FA801B6428F7D9032002B0BDE8F5
:1018B000F081FFF7D9FA06462B689F03BDD5FFF7E5
:1018C000D3FA801B6428F7D9EFE7814B9A6812F0AE
:1018D0000C0F07D09A6802F00C02082A16D15B6838
:1018E000590213D47A490B689A0702D5E368012B91
:1018F000C9D1F822086892FAA2F2B2FA82F22369F8
:10190000934020F0F80213430B6099E7E268714BB3
:10191000DAB101221A60FFF7A7FA06466C4D2B6870
:101920009B070CD5F822296892FAA2F2B2FA82F249
:101930002369934021F0F80213432B6080E7FFF7FF
:1019400093FA801B0228EAD9AFE71A60FFF78CFAF6
:1019500005465F4E33689F077FF572AFFFF784FA45
:10196000401B0228F6D9A0E762695A4B82B10122D6
:10197000C3F8802EFFF778FA0546554E736F9B0724
:101980003FF562AFFFF770FA401B0228F6D98CE7EB
:10199000C3F8802EFFF768FA05464D4E736F9F0718
:1019A0007FF552AFFFF760FA401B0228F6D97CE7BB
:1019B000474B1A6C12F0805226D1012701921A6C03
:1019C00042F080521A641B6C03F080530193019B18
:1019D000414D2B6843F480732B602B68D80515D5D7
:1019E000237A3B4D85F87030A368FBB9FFF73CFACA
:1019F00041F2883806462B6F9B071FD5FFF734FA54
:101A0000801B4045F7D950E70027E1E72B6843F4F6
:101A100080732B60FFF728FA06462B68D905DFD4C0
:101A2000FFF722FA801B0228F7D93EE7FFF71CFADE
:101A300041F2883806462B6F9A0708D5002F3FF4ED
:101A400007AF234A136C23F08053136400E7FFF7BA
:101A50000BFA801B4045EED927E71D4DAA6802F01E
:101A60000C02082A4DD00022022B1A4B1A663BD1D9
:101A7000FFF7FAF906462B6899012FD46A68D4E972
:101A8000073122F0746222F45F3222F47F720B433A
:101A900022F003021343626A43EA8213E26A43EAD2
:101AA0000263A26A5208013A43EA024301226B60D0
:101AB000084B074D1A66FFF7D7F904462B689A01C1
:101AC0003FF5CAAEFFF7D0F9001B6428F6D9ECE663
:101AD000003802400000474200700040FFF7C4F9A0
:101AE000801B6428C7D9E0E6FFF7BEF904462B68DF
:101AF0009B017FF5B1AEFFF7B7F9001B6428F6D95B
:101B0000D3E6012B3FF4BFAE6B68E26903F48001BA
:101B100091427FF4B8AE216A03F03F028A427FF41B
:101B2000B2AE47F6C072616A1A40B2EB811F7FF411
:101B3000AAAEA26A03F440315208013AB1EB024F57
:101B40007FF4A1AEE26A03F07063B3EB026F14BFDF
:101B500001200020AAE600BF134908B58B6803F0F6
:101B60000C03042B1CD0082B1CD14A684B68496815
:101B700013F4800314BF0D480D48C1F3881118BF3A
:101B80000023A1FB000102F03F02FEF733FB064BEE
:101B90005B68C3F3014301335B00B0FBF3F008BDA6
:101BA0000248FCE70248FAE70038024000127A00D7
:101BB0000024F4002DE9F0410D46044610B901203F
:101BC000BDE8F081454B1A6802F00F028A422ED31D
:101BD00021688F0733D4C80746D4404B1A6802F0F7
:101BE0000F02AA4269D8226851076FD4130707D59C
:101BF0003B4A2169936823F4604343EAC10393603D
:101C0000FFF7AAFF364BF0229B6892FAA2F2B2FAD3
:101C100082F203F0F003D340324AD35CD840324B17
:101C20001860324B1868FFF737F80020C8E7CAB2CF
:101C30001A701B6803F00F038B42C0D1C8E7284B12
:101C400011F0040F1EBF9A6842F4E0529A600E072A
:101C500042BF9A6842F460429A609A68A06822F093
:101C6000F00202439A60B6E761681D4B01291A68C9
:101C70001BD112F4003FA2D09A6841F2883822F0BA
:101C800003020A439A60FFF7EFF80646144FBB6859
:101C9000626803F00C03B3EB820F9ED0FFF7E4F809
:101CA000801B4045F3D903208AE7022902D112F0B4
:101CB000007FE0E712F0020FDDE7EAB21A701B685E
:101CC00003F00F03AB427FF47AAF8CE70449E0687E
:101CD0008B6823F4E05303438B6087E7003C0240AA
:101CE000003802405ECC0008140000201C000020D8
:101CF000014B1868704700BF14000020084B4FF4D8
:101D0000E0529B6892FAA2F2B2FA82F203F4E05334
:101D1000D340044AD35C044A1068D840704700BFDF
:101D2000003802406ECC0008140000200F2303602E
:101D30000B4B9A6802F0030242609A6802F0F002CC
:101D400082609A6802F4E052C2609B68DB0803F488
:101D5000E0530361034B1B6803F00F030B607047F4
:101D600000380240003C02407047000090F83D30CF
:101D7000012B30D1022380F83D300368DA6842F04D
:101D80000102DA60154A93421AD0B3F1804F17D09E
:101D9000A2F57C42934213D002F5806293420FD0A9
:101DA00002F5806293420BD002F57842934207D04D
:101DB00002F57052934203D0A2F59432934204D1BB
:101DC0009A6802F00702062A03D01A6842F001025C
:101DD0001A60002070470120704700BF00000140DA
:101DE0007047704770477047036870B5DD681E69BB
:101DF0000446B1070DD5AA070BD56FF002021A6190
:101E0000012202779B699B0769D0FFF7EAFF002355
:101E10002377710710D56A070ED56FF00402236887
:101E200020461A61022222779B6913F4407F5CD01E
:101E3000FFF7D7FF0023237733070FD528070DD5EA
:101E40006FF00802236820461A6104222277DB69BA
:101E5000990750D0FFF7C5FF00232377F20610D56E
:101E6000EB060ED56FF01002236820461A61082297
:101E70002277DB6913F4407F43D0FFF7B2FF0023E2
:101E80002377F00708D5E90706D56FF0010223682C
:101E900020461A61FEF744FF320608D52B0606D508
:101EA0006FF08002236820461A6100F0C8F87006BF
:101EB00008D5690606D56FF04002236820461A61EE
:101EC000FFF791FFB20622D5AB0620D56FF02002B6
:101ED00023682046BDE870401A6100F0AFB8FFF7F4
:101EE0007FFF2046FFF77EFF91E7FFF779FF20464F
:101EF000FFF778FF9EE7FFF773FF2046FFF772FFBB
:101F0000AAE7FFF76DFF2046FFF76CFFB7E770BD4C
:101F1000324A0368904212D0B0F1804F0FD0A2F540
:101F20007C4290420BD002F58062904207D002F5CD
:101F30008062904203D002F57842904219D14A68FB
:101F400023F070031343254A904229D0B0F1804F0B
:101F500026D0A2F57C42904222D002F580629042C7
:101F60001ED002F5806290421AD002F5784290426B
:101F700016D01B4A904213D002F5806290420FD0D7
:101F800002F5806290420BD0A2F59832904207D0C1
:101F900002F58062904203D002F58062904203D144
:101FA000CA6823F4407313434A6923F08003134340
:101FB0008A68C2620A688262084A904203D002F5C7
:101FC0008062904201D10A690263026842F0040211
:101FD0000260012242610360704700BF00000140BF
:101FE0000040014010B5044630B390F83D3003F096
:101FF000FF021BB980F83C20FFF7B6FE02232068E1
:1020000084F83D30211DFFF783FF0123002084F871
:10201000463084F83E3084F83F3084F8403084F80D
:10202000413084F8423084F8433084F8443084F8F6
:10203000453084F83D3010BD0120FCE77047704703
:102040004FF0FF3200F10803C0E90223436003614F
:1020500000230360704700230361704743689A6858
:102060004B608A60516099600368086101330360C6
:10207000704730B50C68631C0AD103695A684A601E
:1020800091608B605960036808610133036030BD63
:1020900000F10802134652681568A542FAD9EDE727
:1020A0000369D0E901128A6051605968814208BF12
:1020B0005A60002202611A68013A1A601868704773
:1020C00010B5044601F096FCA46B01F0B3FCB4FA21
:1020D00084F0400910BD70B51646026C0446856B4D
:1020E00042B906689EB9806801F004F9A66001351E
:1020F000A56370BD6EB9406809F089FA6368226C07
:102100001344A2686360934224BF23686360002085
:10211000EDE7C06809F07BFA226CE36851429B1A34
:102120002268E36093423EBFA3685B18E360022E1F
:10213000EDD10DB1013DEAE72846D8E703461A6C18
:10214000084610B462B1DC68996814448C4228BF18
:102150001968DC6028BFD960D96810BC09F057BA8B
:1021600010BC704770B5044601F044FC94F845502B
:1021700004F124066DB2002D14DCFF2384F84530F1
:1021800001F058FC01F036FC94F8445004F11006BC
:102190006DB2002D12DCFF2384F84430BDE870409E
:1021A00001F048BC636A002BE7D0304600F024FF02
:1021B00008B100F09BFF013D6DB2DCE72369002B05
:1021C000E9D0304600F018FF08B100F08FFF013D64
:1021D0006DB2DEE738B50D46044640B94FF0500306
:1021E00083F31188BFF36F8FBFF34F8FFEE701F0CA
:1021F00001FCD4E90F314B432268D0185B1AA06070
:10220000626000201A44FF23A063E26084F8443037
:1022100084F84530A5B9236973B104F1100000F0CA
:10222000EBFE48B14FF0E0234FF08052C3F8042D8D
:10223000BFF34F8FBFF36F8F01F0FCFB012038BD60
:1022400004F11000FFF7FCFE04F12400FFF7F8FE94
:10225000F2E7F8B50D461746064640B94FF0500371
:1022600083F31188BFF36F8FBFF34F8FFEE74843AF
:10227000503001F0A9FA044658B165B100F150039D
:1022800001212046C4E90F652360FFF7A3FF84F80E
:102290004C702046F8BD0346F2E710B50C4640B935
:1022A0004FF0500383F31188BFF36F8FBFF34F8F4D
:1022B000FEE7884208D24FF0500383F31188BFF342
:1022C0006F8FBFF34F8FFEE702220021FFF7C1FFA0
:1022D00000B1846310BD2DE9FF410F461E46044640
:1022E000019240B94FF0500383F31188BFF36F8F11
:1022F000BFF34F8FFEE751B9036C43B14FF050036A
:1023000083F31188BFF36F8FBFF34F8FFEE7022E69
:102310000BD1E36B012B08D04FF0500383F31188EE
:10232000BFF36F8FBFF34F8FFEE700F08DFF0546C1
:1023300030B300254FF0000801F05CFBA26BE36BAB
:102340009A4201D3022E27D1324639462046FFF762
:10235000C2FE636A1BB104F1240000F04DFE48B1D7
:102360004FF0E0234FF08052C3F8042DBFF34F8F9E
:10237000BFF36F8F01F05EFB012004B0BDE8F08178
:10238000019B002BD6D04FF0500383F31188BFF38D
:102390006F8FBFF34F8FFEE7019B1BB901F04AFB24
:1023A0000020EAE715B902A800F05EFE01F042FB4A
:1023B00000F0E2FC01F01EFB94F84430FF2B08BF54
:1023C00084F8448094F84530FF2B08BF84F845809A
:1023D00001F030FB01A902A800F050FE38BB01F06B
:1023E00009FBA26BE36B9A420ED101F023FB01992A
:1023F00004F1100000F0E8FD2046FFF7B3FE00F006
:1024000045FD48B1012597E701F014FB2046FFF791
:10241000A9FE00F03BFDF5E74FF0E0234FF08052BE
:10242000C3F8042DBFF34F8FBFF36F8FEAE7204649
:10243000FFF798FE00F02AFDB2E770B5064650207F
:1024400001F0C2F9044688B1002501210060C0E90D
:102450000F15FFF7BFFE2B462A462946204684F873
:102460004C60A5602560E560FFF735FF204670BD34
:102470002DE9F843894617461E46044640B94FF0F9
:10248000500383F31188BFF36F8FBFF34F8FFEE7C5
:1024900051B9036C43B14FF0500383F31188BFF37C
:1024A0006F8FBFF34F8FFEE7022E0BD1E36B012B33
:1024B00008D04FF0500383F31188BFF36F8FBFF341
:1024C0004F8FFEE701F06CFBEFF311884FF05003E4
:1024D00083F31188BFF36F8FBFF34F8FA26BE36B52
:1024E0009A4201D3022E1ED194F8455032464946F5
:1024F00020466DB2A36BFFF7EEFD6B1C0ED1636A35
:102500003BB104F1240000F077FD10B10FB10123BD
:102510003B60012088F31188BDE8F88301356DB276
:1025200084F84550F5E70020F4E770B50D46044601
:1025300040B94FF0500383F31188BFF36F8FBFF39F
:102540004F8FFEE7036C43B14FF0500383F31188C4
:10255000BFF36F8FBFF34F8FFEE7036853B98368F4
:1025600043B14FF0500383F31188BFF36F8FBFF374
:102570004F8FFEE701F014FBEFF311864FF050038D
:1025800083F31188BFF36F8FBFF34F8FA26BE36BA1
:10259000934219D994F845100132FF294BB2A26336
:1025A0000DD1636A3BB104F1240000F025FD10B1A8
:1025B0000DB101232B60012086F3118870BD01331A
:1025C0005BB284F84530F6E70020F5E72DE9FF41DE
:1025D0000E460446019240B94FF0500383F3118830
:1025E000BFF36F8FBFF34F8FFEE751B9036C43B159
:1025F0004FF0500383F31188BFF36F8FBFF34F8FFA
:10260000FEE700F021FE054618B300254FF0000854
:1026100001F0F0F9A76B47B331462046013FFFF7C1
:102620008DFDA763236973B104F1100000F0E4FC91
:1026300048B14FF0E0234FF08052C3F8042DBFF3B0
:102640004F8FBFF36F8F01F0F5F9012004B0BDE8A3
:10265000F081019B002BD9D04FF0500383F31188F8
:10266000BFF36F8FBFF34F8FFEE7019B1BB901F0E4
:10267000E1F90020EAE715B902A800F0F5FC01F045
:10268000D9F900F079FB01F0B5F994F84430FF2B4B
:1026900008BF84F8448094F84530FF2B08BF84F8C5
:1026A000458001F0C7F901A902A800F0E7FC00BBD2
:1026B0002046FFF705FDB0B1019904F1240000F0B8
:1026C00083FC2046FFF74EFD00F0E0FB48B94FF0D9
:1026D000E0234FF08052C3F8042DBFF34F8FBFF3B8
:1026E0006F8F012594E72046FFF73CFD00F0CEFBFD
:1026F000F7E72046FFF736FD00F0C8FB2046FFF75E
:10270000DFFC0028EDD0B4E7F0B585B004460191B8
:1027100040B94FF0500383F31188BFF36F8FBFF3BD
:102720004F8FFEE7056C45B14FF0500383F31188DE
:10273000BFF36F8FBFF34F8FFEE700F085FD0646B6
:1027400020B32E46002701F055F9A36B53B3013B8C
:10275000A363236813B900F0C9FEA060236973B1B5
:1027600004F1100000F048FC48B14FF0E0234FF0B6
:102770008052C3F8042DBFF34F8FBFF36F8F01F06A
:1027800059F9012005B0F0BD3546DBE7019B002B70
:10279000FAD04FF0500383F31188BFF36F8FBFF36C
:1027A0004F8FFEE7019B53B9002D66D04FF05003C9
:1027B00083F31188BFF36F8FBFF34F8FFEE716B916
:1027C00002A800F051FC01F035F900F0D5FA01F053
:1027D00011F994F84430FF2B08BF84F8447094F842
:1027E0004530FF2B08BF84F8457001F023F901A99B
:1027F00002A800F043FC50BB2046FFF761FC00B389
:1028000023683BB901F0F6F8A06800F02DFD0546FD
:1028100001F010F9019904F1240000F0D5FB2046E5
:10282000FFF7A0FC00F032FB48B94FF0E0234FF077
:102830008052C3F8042DBFF34F8FBFF36F8F012673
:1028400081E72046FFF78EFC00F020FBF7E72046EB
:10285000FFF788FC00F01AFB2046FFF731FC002848
:10286000EDD065B101F0C6F8616A19B1236B196842
:10287000C1F10701A06800F08BFD01F0DBF800203A
:1028800080E72DE9F84389469046044640B94FF069
:10289000500383F31188BFF36F8FBFF34F8FFEE7B1
:1028A00051B9036C43B14FF0500383F31188BFF368
:1028B0006F8FBFF34F8FFEE701F072F9EFF31187CF
:1028C0004FF0500383F31188BFF36F8FBFF34F8F27
:1028D000A56B0DB394F844604946204676B2FFF7E5
:1028E0002DFC013D731CA56311D1236953B104F183
:1028F000100000F081FB28B1B8F1000F02D00123D5
:10290000C8F80030012087F31188BDE8F88301364C
:1029100076B284F84460F5E72846F4E710B504463B
:1029200040B94FF0500383F31188BFF36F8FBFF3AB
:102930004F8FFEE701F05EF8A46B01F07BF82046B4
:1029400010BD40B94FF0500383F31188BFF36F8F70
:10295000BFF34F8FFEE7806B70470000002310B578
:10296000074A02EBC3014C68844204D1002042F8BC
:102970003300486010BD0133082BF2D1FAE700BFE5
:102980004C3E002010B5044640B94FF0500383F38D
:102990001188BFF36F8FBFF34F8FFEE7FFF7DEFFA6
:1029A0002046BDE8104000F093BF0000064B1A68B7
:1029B00012681AB94FF0FF325A6070471A68D2682D
:1029C000D2685268F8E700BF8C3E002070B5124C08
:1029D0000646A568E0680430FFF762FB38B9E26894
:1029E0002369D16A01228A4023EA02032361E36852
:1029F000AD195D6006D36069E168BDE870400431DF
:102A0000FFF737BB2068E1680431FFF732FB6368EA
:102A10009D4238BF656070BD8C3E002080B54FF090
:102A2000E0264FF08057114C236B4BB9636B012BA1
:102A3000FAD9C6F8047DBFF34F8FBFF36F8FF3E76A
:102A400000F0D8FF636ADD68281DFFF729FBE36A01
:102A5000013BE362236B013B236300F0EBFF286B38
:102A600000F036FF284600F033FFDDE78C3E002003
:102A70002DE9F84F9600074630460D469846DDF89A
:102A80002C9000F0A1FE824618B94FF0FF30BDE84F
:102A9000F88F5C2000F098FE0446002800F0A68025
:102AA0003246C0F830A0A521504608F00CFD236B3B
:102AB000043E1E4426F00706002D00F089806B1EA0
:102AC00004F133020F3513F8011F02F8011F09B199
:102AD000AB42F8D1002384F843300A9D4FF0000B3D
:102AE000062D28BF062504F1040A5046E562E56478
:102AF000C4F850B0FFF7AFFAC5F1070504F11800AC
:102B0000FFF7A9FAC4F854B042463946304624616A
:102B1000A561646284F858B000F042FF2060B9F10A
:102B2000000F01D0C9F80040324D00F063FFEB6A9E
:102B300005F134070133EB62EE68002E4BD1EC60F7
:102B4000EB6A012B1CD1B84640460136FFF778FAF4
:102B5000072E08F11408F7D1274E304606F1140865
:102B6000FFF76EFA4046FFF76BFA06F12800FFF711
:102B700067FAA6F1A800FFF763FA2E60C5F8148083
:102B8000D5F8003114200133C5F800316364012306
:102B9000E26A296993400B4300FB027051462B61A6
:102BA000FFF75CFA00F046FFD5F8FC3073B1EB6834
:102BB000DA6AE36A9A4209D24FF0E0234FF080527A
:102BC000C3F8042DBFF34F8FBFF36F8F01205EE773
:102BD00084F8345081E7D5F8FC20E36A002ACFD18D
:102BE000EA68D26A9A4298BFEC60C9E7504600F0A2
:102BF0006FFE4AE78C3E00204C3F002070B5054632
:102C00002A4C00F0F7FE05B9E5682E1D3046FFF7A7
:102C100047FA58B91423E96A03FB01435B6B2BB9EC
:102C2000012223698A4023EA02032361AB6A1BB1B4
:102C300005F11800FFF734FAD4F800310133C4F875
:102C40000031E368AB421AD131461948FFF706FA62
:102C5000236B0133236300F0EDFED4F8FC3023B383
:102C6000E368AB4221D1D4F80431A3B14FF0500353
:102C700083F31188BFF36F8FBFF34F8FFEE7E36AD3
:102C8000286B013BE36200F023FE284600F020FEA3
:102C9000FFF78CFEDFE74FF0E0234FF08052C3F8E0
:102CA000042DBFF34F8FBFF36F8F70BD8C3E00209C
:102CB000A43E0020F8B5054640B94FF0500383F319
:102CC0001188BFF36F8FBFF34F8FFEE70E4CE368A1
:102CD000834212D000F08EFE27686D69666900F0AD
:102CE000A9FEBD420BD0B54209D01834A54208D088
:102CF000002D14BF01200420F8BD0020FCE70220B5
:102D0000FAE70420F8E700BF8C3E002037B5002525
:102D1000164C802204F58473019315492B461548FF
:102D20000095FFF7A5FE012812D14FF0500383F361
:102D30001188BFF36F8FBFF34F8F4FF0FF33636086
:102D4000C4F8FC00A56003B0BDE8304000F0D2BE7E
:102D5000013008D14FF0500383F31188BFF36F8F18
:102D6000BFF34F8FFEE703B030BD00BF8C3E0020A5
:102D7000CC3501081D2A0008034AD2F8043101337A
:102D8000C2F80431704700BF8C3E0020014B9868A8
:102D9000704700BF8C3E002008B500F001FF014BDA
:102DA000986808BD8C3E00202DE9F84F354CD4F8CA
:102DB0000431002B5FD1A7680137A760B7B923683A
:102DC0001B6843B14FF0500383F31188BFF36F8F3B
:102DD000BFF34F8FFEE72368626922606361D4F816
:102DE0000C310133C4F80C31FFF7E0FD63680025B6
:102DF0009F4210D21422E368DB6A02FB03435B6B41
:102E0000022BD4F8103128BF0125002B18BF012553
:102E10002846BDE8F88F4FF0010B4FF0140ADFF899
:102E2000689023681B681BB94FF0FF336360E1E7CC
:102E30002368DB68DE6873689F42F7D306F10408F5
:102E40004046FFF72DF9B36A1BB106F11800FFF7F2
:102E500027F9F06A22690BFA00F3134341460AFB93
:102E600000902361FFF7FAF8E368F26ADB6A9A429E
:102E700028BF0125D5E7D4F8143100250133C4F863
:102E80001431C5E78C3E0020C03E00202DE9F843F8
:102E9000334CD4F8043143B94FF0500383F3118815
:102EA000BFF36F8FBFF34F8FFEE700F0A3FDD4F8A1
:102EB0000431013BC4F80431D4F804512DB100248D
:102EC00000F0B8FD2046BDE8F883E36A002BF6D099
:102ED00001264FF0140804F134071DE0D4F8F43053
:102EE000DD6805F1040905F11800FFF7D9F8484637
:102EF000FFF7D6F8E86A226906FA00F31343494659
:102F000008FB00702361FFF7A9F8E368EA6ADB6A4F
:102F10009A4201D3C4F81061D4F8E830002BDDD117
:102F20000DB1FFF743FDD4F814514DB10126FFF761
:102F30003BFF08B1C4F81061013DF8D1C4F8145149
:102F4000D4F81031002BBAD04FF0E0234FF080526C
:102F5000C3F8042DBFF34F8FBFF36F8F0124AFE78A
:102F60008C3E0020174A10B5D2F804311BB1012362
:102F7000C2F8103110BDC2F810311369B3FA83F3EF
:102F80001421DBB2C3F11F0359435018446B44B9F9
:102F90004FF0500383F31188BFF36F8FBFF34F8F50
:102FA000FEE7846B114464683C318C4208BF616861
:102FB000846308BF8163142101FB03239B6BDB68DF
:102FC000D360D7E78C3E002010B50C4640B94FF0D7
:102FD000500383F31188BFF36F8FBFF34F8FFEE76A
:102FE000044BD9681831FFF744F82046BDE810407B
:102FF000FFF7ECBC8C3E0020C36870B5DD6845B9B6
:103000004FF0500383F31188BFF36F8FBFF34F8FDF
:10301000FEE7144C05F118063046FFF741F8D4F8E6
:103020000431DBB92E1D3046FFF73AF80123142096
:10303000EA6A216993400B433146236104F134036A
:1030400000FB0230FFF70AF8E368EA6ADB6A9A429B
:103050008ABF01200020C4F8100170BD314604F180
:10306000E800EFE78C3E0020034BD3F80C219B686F
:1030700002604360704700BF8C3E002038B50C46AC
:10308000054640B94FF0500383F31188BFF36F8FAB
:10309000BFF34F8FFEE741B94FF0500383F3118820
:1030A000BFF36F8FBFF34F8FFEE700F0A3FC0E4B13
:1030B00028689968D3F80C316A68984201D08A422E
:1030C00010D92368881A83420AD95B1A13442360F3
:1030D0002846FFF7C9FF002400F0ACFC204638BDAD
:1030E000002323600124F7E78C3E00200122024BDD
:1030F000C3F81021704700BF8C3E002070B50E460B
:103100001546044608B9154AD46804F134027260C1
:10311000E26A052B3261226B3460F261626CB2604C
:10312000E26C72614FF00002B2610FD00B4AD268BC
:10313000A24208BF0023337335B10022216B8B5CA0
:10314000A52B08D0C2F38F05358470BD2046FFF74C
:10315000B1FD0346EFE70132F1E700BF8C3E0020EE
:103160002DE9F84F0D6806460C4617462DB300258D
:103170004FF0240B4B6801F108085B6843454B6036
:1031800004BFCB684B604B68D3F80CA063680BFBA3
:1031900005615B6801229845636008BFD8F8043078
:1031A00005F1010508BF63606368D3F80C903B46E6
:1031B0004846FFF7A3FFCA45E8D12846BDE8F88F87
:1031C0002DE9F84FDFF878901746FFF7D5FDD9F8CD
:1031D0002C3005468B4231D8072600244FF0140BC3
:1031E0004FF0240809F1340A013E08FB0450012283
:1031F0000BFB06A1FFF7B4FF0444002EF4D102221A
:1032000008FB0450D9F80010FFF7AAFF044402227B
:1032100008FB0450D9F81410FFF7A2FF044404225D
:1032200008FB04500749FFF79BFF2FB90444FFF741
:103230002DFE2046BDE8F88F3E60F7E70024F6E754
:103240008C3E0020A43E0020064BD3F8FC2032B177
:10325000D3F80401B0FA80F0400940007047012023
:10326000704700BF8C3E0020F8B5044600282FD0E0
:103270001E4DC36AEA68D26A93422ED282691C4EFE
:10328000002AA1BFEA68D26AC2F107028261142251
:1032900002FB036342699A421BD1071D3846FEF7C1
:1032A000FFFE30B90122E16A2B698A4023EA02035A
:1032B0002B61EB681420DA6A0123296993400B43E0
:1032C00000FB02603946E2622B61FEF7C7FE012077
:1032D000F8BDEB68DB6AC362F9E7EB68C06CDB6AD8
:1032E00098422CBF00200120F2E700BF8C3E002056
:1032F000C03E002070B5044608B9002070BD224DC4
:10330000EB68834208D04FF0500383F31188BFF37A
:103310006F8FBFF34F8FFEE71B6D43B94FF0500324
:1033200083F31188BFF36F8FBFF34F8FFEE7C16A3E
:10333000C26C013B91420365DFD0002BDDD1061D3D
:103340003046FEF7ADFE58B91423E16A03FB015382
:103350005B6B2BB901222B698A4023EA02032B61A4
:10336000E36C1420C3F10702A261E362012429691E
:1033700004FA03F20A432A61044A314600FB03209F
:10338000FEF76CFE2046B9E78C3E0020C03E0020D0
:10339000F8B50446002848D0026D42B94FF05003FA
:1033A00083F31188BFF36F8FBFF34F8FFEE7C36CBA
:1033B000994238BF1946C36A8B4236D0012A34D1AC
:1033C0001A4DEA68824208D14FF0500383F3118806
:1033D000BFF36F8FBFF34F8FFEE78269144E002A51
:1033E0004FF0140202FB03634269C162A4BFC1F142
:1033F000070181619A4218D1071D3846FEF750FE39
:10340000E26A28B901202B69904023EA00032B616E
:1034100001231420296993400B4300FB02603946C5
:103420002B61BDE8F840FEF719BEF8BD8C3E0020C8
:10343000C03E00202DE9F04F4FF000082427284B14
:1034400080F80080DD6A0446D86A85B0784300F0D1
:10345000BBF90646002840D029464246FFF7B0FE99
:10346000354607FB0067DFF87CB0AF4205D1304638
:1034700005B0BDE8F04F00F02BBA2B7B6968042B38
:10348000204694BF1BF803A04FF0000A08F0B7F8DD
:103490002046FCF7A7FE0F28C0F10F0288BF0022CC
:1034A000814620212018039208F00DF8039A0E4956
:1034B0004A4404F80280AB6804EB020901932B8CA8
:1034C000524600932B69484607F08AFF4846FCF7AE
:1034D00089FE243509EB0004C7E705B0BDE8F08F8D
:1034E0008C3E002076CC0008D1350108044BDA6808
:1034F0001AB1D9680A6D01320A65D868704700BFF1
:103500008C3E002008B5FFF701FC002008BDEFF35A
:1035100005830BB1FFF740BCFFF738BC30B504465C
:10352000228AB4F9084085B0842C0CBF00240334EF
:1035300003AD0B46D0E90010CDE90045FFF798FA3E
:10354000012814BF0020039805B030BD08B5FFF76F
:1035500055FB002008BD0120FEF76FBF002307B513
:103560000193F8B1EFF30582BAB1194601AAFFF74A
:1035700088F9012803D0FF2003B05DF804FB019B0C
:103580004BB14FF0E0234FF08052C3F8042DBFF34E
:103590004F8FBFF36F8F0020EEE7FFF7B5F80128DC
:1035A000F9D0E8E78020E7E7002307B50193EFF3C0
:1035B0000583B3B101A9FEF7B8FF012803D0FF20AE
:1035C00003B05DF804FB019B4BB14FF0E0234FF0DB
:1035D0008052C3F8042DBFF34F8FBFF36F8F0020CD
:1035E000EEE71A461946FEF776FE0128E7D1F6E720
:1035F00010B5EFF305841CB9FFF7C4F9204610BDE0
:103600008224FBE70129084610B50CD103220021D2
:10361000FEF71FFE044620B100231A461946FEF7A6
:103620005AFE204610BDBDE81040FEF736BE00230E
:1036300007B50193F8B1EFF30582BAB1194601AAB3
:10364000FFF71FF9012803D0FF2003B05DF804FB4A
:10365000019B4BB14FF0E0234FF08052C3F8042D93
:10366000BFF34F8FBFF36F8F0020EEE7FFF74CF8EB
:103670000128F9D0E8E78020E7E7FFF795BFFFF7DB
:10368000B7BF002203C8FEF7E4BD1FB501910021BA
:103690000391EFF30583C3B10B4603AA01A9FEF71B
:1036A000E7FE012803D0FF2005B05DF804FB039B73
:1036B0004BB14FF0E0234FF08052C3F8042DBFF31D
:1036C0004F8FBFF36F8F0020EEE7012A38BF012232
:1036D00001A9FEF700FE0128F5D0E4E7002330B58C
:1036E00085B00546144608460391029311B980231C
:1036F000019318E00093EFF30583E3B16A4602A952
:10370000FFF7BFF8431E58425841009B000101904B
:103710004BB14FF0E0234FF08052C3F8042DBFF3BC
:103720004F8FBFF36F8F04AB13E9070085E80700E5
:10373000284605B030BD02A9FEF748FF012801D197
:103740001023D5E7003C18BF0124A4010194EAE747
:1037500008B5FFF779FD012803D0BDE8084000F067
:10376000A1B908BD08B5FFF765FE002008BDEFF35D
:1037700005830BB1FFF7E5B8FFF7D0B8FFF738BF07
:10378000104B30B51D461A461B688342FBD3546864
:103790001119884201BF41681046091951604468F7
:1037A00001198B420BD1A9688B4203D0596821447F
:1037B000416019689042016018BF106030BD194621
:1037C000F8E700BFA43F00202DE9F0413E4D04463C
:1037D000FFF7D2FAAB68F3B93C4A56071FBFD11DB9
:1037E00021F0070102F5C842531A0CBF4FF4C84339
:1037F0000A4600211344083B23F0070369602A604E
:10380000C3E90011991AC2E90031AB604FF00043DF
:10381000C5E903116B616F69274250D1002C41D07B
:1038200004F1080360071CBF23F007030833002BD3
:1038300045D02C699C4242D32E68234872689A4234
:1038400001D23168A9B9A968B14238D03168D21A19
:10385000102AD0F80080016012D9F01841070BD06F
:103860004FF0500383F31188BFF36F8FBFF34F8F77
:10387000FEE730460E46E1E742607360FFF780FFE7
:1038800000237268E9683360AB69A41A8C4247EA86
:10389000020703F101032C6138BFEC60776008F187
:1038A0000804AB61FFF7F2FA63070AD04FF0500348
:1038B00083F31188BFF36F8FBFF34F8FFEE70024B0
:1038C000F0E72046BDE8F081A43F0020C43F00207F
:1038D00038B5044680B3194D50F8043C6A69134268
:1038E00008D14FF0500383F31188BFF36F8FBFF3FC
:1038F0004F8FFEE750F8081C41B14FF0500383F39F
:103900001188BFF36F8FBFF34F8FFEE723EA0203E7
:1039100040F8043CFFF730FA2A6954F8043CA4F15B
:10392000080013442B61FFF72BFFEB690133EB61B8
:10393000BDE83840FFF7AABA38BD00BFA43F002059
:1039400006480068006880F3088862B661B6BFF375
:103950004F8FBFF36F8F00DF00BF000008ED00E066
:10396000002382B001930D4B1B68013308D04FF048
:10397000500383F31188BFF36F8FBFF34F8FFEE7C0
:103980004FF0500383F31188BFF36F8FBFF34F8F56
:10399000019B002BFCD002B0704700BF200000202C
:1039A0004FF0807340F8043C054B21F0010140F8D2
:1039B000081C40F80C3C40F8202C4038704700BFF1
:1039C0006139000800000000000000000000000055
:1039D000074B19680868B0E8F00F80F30988BFF357
:1039E0006F8F4FF0000080F311884EF00D0E70477E
:1039F000983E00204FF0500383F31188BFF36F8F80
:103A0000BFF34F8F0A4A13680133012B13600ED1A5
:103A10004FF0E023D3F8043DDBB243B14FF0500345
:103A200083F31188BFF36F8FBFF34F8FFEE77047AB
:103A300020000020084A136843B94FF0500383F375
:103A40001188BFF36F8FBFF34F8FFEE7013B136009
:103A50000BB983F31188704720000020000000009C
:103A6000EFF30980BFF36F8F0D4B1A6820E9F00F59
:103A700010602DE908404FF0500080F31188FFF7E7
:103A800071FA4FF0000080F31188BDE80840196812
:103A90000868B0E8F00F80F30988BFF36F8F7047B4
:103AA000983E002008B54FF0500383F31188BFF310
:103AB0006F8FBFF34F8FFFF777F928B14FF0E023F7
:103AC0004FF08052C3F8042D002383F3118808BD02
:103AD0004FF0E02200234FF47A7113619361044B9D
:103AE0001B68B3FBF1F3013B53610723136170477C
:103AF0001400002013B5274B1A78D2B20192FF228E
:103B00001A701B78DBB28DF803309DF80320224B2E
:103B100002F050021A7007225A609DF803105A688A
:103B200009060AD4032A11D04FF0500383F31188F9
:103B3000BFF36F8FBFF34F8FFEE7013A5A609DF8D6
:103B400003205200D2B28DF80320E6E74FF4407212
:103B50005A60019B0F4ADBB213704FF0E023002440
:103B6000D3F8202D42F47002C3F8202DD3F8202D75
:103B700042F07042C3F8202DFFF7AAFF074B1C60EC
:103B8000FFF7DEFEFFF7EEF92046FFF7E9FE02B091
:103B900010BD00BF00E400E0C4A30020200000200E
:103BA000EFF305830F2B114A0DD911495B5C117896
:103BB000994208D94FF0500383F31188BFF36F8FF8
:103BC000BFF34F8FFEE74FF0E023D3F80C3D526870
:103BD00003F4E063934208D94FF0500383F3118854
:103BE000BFF36F8FBFF34F8FFEE77047C4A3002072
:103BF000F0E300E00A6810B50C320C4601F09AFAC6
:103C000008B994F9040010BD7FB558B94FF44A7251
:103C10000A4B0B490B4807F0D1FB6FF00F0007B0C0
:103C20005DF804FB292301908DF80C10064801A9CA
:103C30008DF80D30FFF7DEFFF1E700BFE03501083A
:103C40004A36010817340108DD4E0008002370B51C
:103C500086B004460D46009351B940F2E7123B4B43
:103C60003B493C4807F0AAFB6FF00F0006B070BD5F
:103C70000B6020B940F2E912344B3749F1E70646B0
:103C800016F8103B03F0F003102B0BD1304607F071
:103C9000E8F938B904F1140007F0E3F968B96FF0F6
:103CA0000E00E3E7304607F0DCF948B940F2F512C0
:103CB000264B2A49274807F081FB6FF00A00D5E719
:103CC00094F9080010F10C0FD0DB00226946304651
:103CD00007F094F9237803F0F003102B009B28D110
:103CE0000194ABB11B891E4801A90393FFF782FF22
:103CF000009AA2B9636A13B101212046984763680C
:103D000043B994F90800002808BF6FF00D00ADE733
:103D10000123E8E701212046FFF776FFBFE712897C
:103D2000636A13B1012120469847009B00202B6055
:103D30009CE733B940F23E22044B0A49054807F09C
:103D40003DFB009B1B681A89EAE700BFE0350108CC
:103D50006636010817340108843601089F360108C9
:103D6000954D0008BE36010870B50D4686B0114667
:103D700000F09CFD044600283DD0019001A9204898
:103D80008DF80C50FFF736FF002835D063682BB153
:103D900089221C4B1C491D4807F010FB04F110053B
:103DA000284607F05EF928B98A22164B18491748A9
:103DB00007F004FB04F1140007F053F928B18C223A
:103DC000104B1449114807F0F9FA04F10C0630467B
:103DD00007F086F928B98F220A4B0F490B4807F0E4
:103DE000EDFA304607F079F9284607F0F3F8214656
:103DF000072003F00BFC0024204606B070BD00BF76
:103E000035480008E0350108CA36010817340108B2
:103E1000EB360108003701082137010810B50446C8
:103E200086B058B12923019001A906488DF80D30BC
:103E3000FFF7E0FE18B9204600F07CFD002006B038
:103E400010BD00BF214B00087FB550B9FF220B4BBE
:103E50000B490C4807F0B2FA6FF00F0007B05DF89D
:103E600004FB094B0190002908BF1946074803913C
:103E700001A9ADF81020FFF7BDFEEFE7E03501081E
:103E8000943701081734010880CC0008514C000811
:103E90007FB558B94FF4B472074B0849084807F08A
:103EA0008DFA6FF00F0007B05DF804FB019001A9D7
:103EB0000448FFF79FFEF6E7E0350108EE370108FA
:103EC00017340108B14C0008F7B504460D4651B946
:103ED00040F28D121F4B2049204807F06FFA6FF017
:103EE0000F0003B0F0BD00260E6020B940F28F1223
:103EF000184B1B49F0E790F9080010F10C0FF0DBAC
:103F000004F11407384607F0ACF8D0B13846324611
:103F100001A907F073F8636A019F1BB132460121C2
:103F2000204698470F4B019A9A4210D067B907F084
:103F300011F994F908300C33A4BFF123237207F070
:103F400015F96FF00E00CCE700202F60C9E76FF085
:103F50000C00C6E7E03501080B38010817340108EA
:103F60002B380108CCA30020F7B505460E4659B9F9
:103F70004FF41D721F4B2049204807F01FFA6FF0C5
:103F80000F05284603B0F0BD00220A6020B940F2B8
:103F90007622184B1A49EFE7037803F0F003102B51
:103FA00023D10620019203F015FB0446D0B1284628
:103FB00001A9FFF74BFE054620B12146062003F07C
:103FC00025FBDEE7019F37B940F28A22094B0D49F4
:103FD0000A4807F0F3F90023C4E90077A381A3603E
:103FE0003460CEE74FF0FF35CBE703B0BDE8F040DB
:103FF000FFF72CBEE03501086636010817340108CA
:10400000843601086E4E010870B586B015460A9ECA
:1040100050B940F2E6221C4B1C491D4807F0CEF96E
:104020006FF00F0006B070BD027802F0F002102AA7
:1040300009D040F2E722144B1649154807F0BEF9A3
:104040006FF00500EEE70DB90020EBE7047E03F00A
:10405000040204F00204144302D0002EF0D0012424
:10406000019003910C4801A98DF814300495FFF7D5
:10407000C1FD0028D6D1002EE6D014B1049B3360D8
:10408000E2E73560E0E700BFE0350108633801088A
:10409000173401087F380108ED4D00080321FFF7B0
:1040A000B3BD00002DE9F047064617461D460C46F5
:1040B000BDF8208029B9B122204B2149214807F0C1
:1040C0007DF906B37368A34228D106F1100948466A
:1040D00006F0C7FFE8B1062003F07CFA0446C0B141
:1040E000C0E9007705B12D682146A5604846A4F8CF
:1040F0000C803D8906F078FF0146B0B12046BDE84E
:10410000F04700F059BFB2220C4B0F490D4807F0A1
:1041100055F93846BDE8F04703F0BCBBBA22074B5F
:104120000A49084807F04AF9CFE7736A23B12A46DB
:104130003046BDE8F0471847BDE8F087A1380108D0
:104140000B390108173401082D3901084C390108D1
:1041500010B544680146204603F0E8FF20460949AF
:1041600003F0E8FF2046084903F0FAFF204607491C
:10417000022204F029F82046BDE81040044904F06A
:1041800005B800BF7D4700081147000895460008A4
:10419000954100082DE9F0410D46044630B94FF431
:1041A000C272404B4049414807F008F90027667841
:1041B0006760042E677062D106F0CCFF94F9083076
:1041C00000250C33A8BF277206F0D0FF636A1BB12D
:1041D0000022042120469847636A1BB10022204632
:1041E00011469847636A1BB1002202212046984776
:1041F00004F11007384606F034FF18B100213846A4
:1042000006F0F2FE04F11407384606F02AFF18B152
:104210000021384606F0E8FE012E02D0033E012EB2
:1042200033D8237E23F004025B07227638D4236A36
:1042300033B940F2B3121B4B1D491C4807F0BEF8BE
:10424000236A1E681D710C36304606F049FF30B9EE
:104250004FF4DB72134B1749144807F0AFF80023F3
:10426000236206F077FF94F908300C33A8BF25725B
:1042700006F07CFF3046BDE8F04106F02BBF06F0AB
:1042800069FF257206F072FFA0E7236A43B1BDE81B
:10429000F04140F2BD12034B0749044807F08EB8C5
:1042A000BDE8F081A13801086A3901081734010816
:1042B0007739010891390108AA3901082DE9F84335
:1042C0008846044630B940F2E3526D4B6D496E4862
:1042D00007F074F86378012B06D040F2E452684B83
:1042E0006A49694807F06AF8236A33B940F2E5522F
:1042F000634B6749644807F061F8636833B940F27B
:10430000E6525F4B6349604807F058F8D4E9072349
:10431000DB689A4206D340F2E752594B5E495A484D
:1043200007F04CF8236A277E1D7C07F0020705F092
:10433000040299681743E269606801EB0209D968D1
:10434000B0F860608B1AB3F5803F2ABF4FF6FF7359
:104350009BB245F00205B3425CD91FB126B96FF09C
:10436000060518E045F002053244914206D240F2BB
:104370001362434B4949444807F020F82B46324624
:104380004946606805F0BEFC431CDBB2012B0546C4
:1043900060D8002F40D0236ADB689E423CD2636A1B
:1043A0001BB13246032120469847237E43F0100379
:1043B0002376002D43D1E3691E44236AE661DA685F
:1043C000964200D00FB10127DE60606805F0FEFF65
:1043D00010F10C0F01DB021D4ED100220546236AAD
:1043E000DA60236A1E681D710023C4E90733637015
:1043F00006F0B0FE94F908300C33A8BF257206F021
:10440000B5FEB8F1000F03D006F10C0006F062FE15
:10441000002026E01E46A7E740F669326368B3F83D
:104420006010914203D9B3F86230042BC1D9636A9A
:10443000002BBED03246032120469847B9E701350C
:1044400017D1606805F0C2FF10F10C0F054601DBC3
:10445000031D03D10022236ADA60C2E71FB94FF0BF
:10446000FF30BDE8F8830022236A6FF00605DA60AA
:10447000B7E76FF00605EDE7002FB2D1EFE700BF19
:10448000A13801086A390108173401083D3A0108CA
:10449000773901085A3A0108703A0108A23A01082E
:1044A0002DE9F0478A46044630B940F243326E4B5C
:1044B0006E496F4806F082FF237803F0F003102B5B
:1044C00006D04FF45172684B6A49694806F076FF8E
:1044D0006378042B06D040F24532634B664964484A
:1044E00006F06CFF636833B940F246325E4B6349B5
:1044F0005F4806F063FF236A33B940F247325A4BF4
:104500005F495B4806F05AFF236A65681B7A032BF4
:1045100003F0010903F002080FD0B9F1000F05D034
:104520002B7D5A1F012A08D9082B06D0B8F1000F9D
:1045300056D0AF7E17F0100704D00021284603F0B4
:10454000F5FD01272B7D012B4CD10021284603F0DE
:1045500035FE002F63D0284604F00AF90646236A88
:1045600040B1421C07D15B7A002B5ED11FB12846B7
:1045700004F02CFA0026236A1D681E7100232362B2
:104580006370CEB937B1636A66601BB132460421ED
:1045900020469847B9F1000F05D0636A1BB100228D
:1045A000204611469847B8F1000F05D0636A1BB149
:1045B000002202212046984706F0CCFD94F90830ED
:1045C0000C33A8BF267206F0D1FDBAF1000F03D05C
:1045D00005F10C0006F07EFD00263046BDE8F087B0
:1045E0004746AFE7B9F1000F07D00021284603F096
:1045F000A1FD0021284603F0E1FDB8F1000F03D032
:104600000021284603F0ACFD4FB100222846114698
:1046100003F0DAFD0021284603F0B8FD9BE742468F
:104620004946284604F038F998E72B7D012B06D13E
:1046300040F2E3320C4B13490D4806F0BFFEB8F1CF
:10464000000F03D02846104903F08AFD01222846B6
:104650000E4903F0B9FD28460D4903F097FD2146A8
:10466000284603F063FDB8E7A13801085638010871
:1046700017340108CD3A0108EB3A01080F3B010855
:1046800077390108223B01081147000895460008C8
:104690009541000810B5044630B94FF49C72194B8F
:1046A00019491A4806F08AFE617801291CD1204672
:1046B000FFF704FE237EDA0614D5626892B140F655
:1046C0006931B2F8600088420CD9B2F86220042A3D
:1046D00008D823F010032376636A1BB1002202215D
:1046E00020469847002010BD0429E3D1226A1AB160
:1046F000537A0BB1013B537201212046FFF7D0FEE4
:10470000D8E700BFA13801086A3901081734010849
:1047100038B515460446D8B14178012921D1FFF7B3
:10472000CDFD6368DBB140F66932B3F860109142A9
:1047300015D9B3F86230042B11D8237E23F010036F
:104740002376636A5BB12A4602212046984706E039
:1047500040F26112064B0749074806F02FFE002081
:1047600038BD0429DDD10121FFF79AFED9E700BF4A
:10477000A13801086A390108173401082DE9F04110
:10478000044615461F460E4629B9F922244B2549F1
:10479000254806F013FE94B16368B34219D104F1C1
:1047A0001008404606F05DFCD8B935B1304629897D
:1047B00003F066FC284603F06DF8002007E0FA22BB
:1047C000174B1A49184806F0F9FD6FF00500BDE8CF
:1047D000F0814FF48072124B1549134806F0EEFD3C
:1047E000DDE747B106F0B6FC94F908300C33A8BFFA
:1047F000277206F0BBFC6DB12E892946404606F0B3
:10480000F3FB014640B9636A002BD6D032462046FE
:104810009847D2E72E46F0E74FF0FF30D7E700BFCA
:10482000A1380108453B010817340108673B01081E
:10483000863B010838B500230568037104466868A3
:1048400028BB2B7803F0F003102B14D0202B1CD1A5
:1048500006F014FB22686860506850B11378124962
:10486000222B04BF0123037406F0DEFA23685B6881
:104870006BB9FF230AE004F057F9686020684368C9
:10488000002BF6D0FFF764FCF0E7FA23237106F063
:1048900061FC236893F908200C3201DB22791A723B
:1048A000BDE8384006F062BCA5400008F8B50546F2
:1048B00007200E4602F08EFE0446A0B100230570CC
:1048C00005F0F005102D037243600ED0202D0CD0A2
:1048D0004FF42A72144B1549154806F06FFD214616
:1048E000072002F093FE00241BE004F110070621CC
:1048F000384606F05FFB01460028F0D104F10C00B9
:1049000006F0B7FB054618B1384606F063FBE6E74C
:1049100004F1140006F0AAFBC4E908566570E561CD
:1049200025762046F8BD00BFA1380108A43B010848
:104930001734010838B54368044633B14FF4387270
:10494000154B1649164806F039FD04F1100006F023
:1049500088FB30B140F2E1220F4B1249104806F0BB
:104960002DFD04F1140006F07CFB30B14FF43972D8
:10497000094B0D490A4806F021FD04F10C052846B3
:1049800006F0ABFB284606F0B0FB2146BDE83840F8
:10499000072002F03BBE00BFA1380108CA3B010856
:1049A00017340108F83B0108323C010873B500F1E7
:1049B00010050446284606F054FB58B1284601A9C4
:1049C00006F03EFB013019D1284606F003FB2846CD
:1049D00006F04CFB1434204606F043FB60B11A4E3F
:1049E000204601A906F02CFB01301CD1204606F020
:1049F000F1FA204606F03AFB02B070BD2378019E22
:104A000003F0F003102B0AD1002ED7D0606810B14C
:104A1000318903F035FB304602F03CFFCEE73046EB
:104A200000F0CAFACAE7019DB542D9D02846FFF77F
:104A3000BDFF686818B103F0C9FF00236B6028460A
:104A4000FFF778FFCCE700BFCCA300202DE9F041B1
:104A50000F469046044688B100F11406304606F031
:104A600000FB58B17FB930462C4906F0BDFA02462A
:104A700020B9636A13B10146204698476FF00506D6
:104A80003046BDE8F081616A2078FFF70FFF0546E8
:104A900068B93046214906F0A7FA024620B9636A90
:104AA00013B10146204698474FF0FF36E8E74760CC
:104AB000FFF74EFB3046294685F8088006F094FA49
:104AC000064618B36C680021204603F02FFB2046F1
:104AD000002103F02FFB2046002103F041FB0022C0
:104AE0002046114603F070FB0021204603F04EFBE8
:104AF000002305F1100420466B6006F06BFA204697
:104B000006F0B4FA2846FFF715FFCDE7636A002BDD
:104B1000B6D00246014620469847B1E7CCA3002014
:104B200070B5036804465D785DB31B7803F0F0034D
:104B3000102B06D04FF480623F4B4049404806F0AE
:104B40003DFC022D23681CD0032D02D11B7E5B0788
:104B500017D4FB23237120680C3006F0C1FA00281B
:104B600069D02368002B66D006F0F4FA236893F925
:104B700008200C32A4BF22791A72BDE8704006F0FA
:104B8000F5BA002520682571FFF710FF23685868E3
:104B900060B11A7802F0F002102A15D0202A02D152
:104BA000C56106F045F9002223685A602068436A0F
:104BB00013B10022114698472068436A002BCAD0DF
:104BC000002202219847C6E71A6A0AB9DB6933B1A5
:104BD00040F23442184B1B49194806F0EFFB0423FE
:104BE000206800214370032323720462FFF758FCFE
:104BF00008B323685B78042B06D040F23B420E4B8F
:104C000011490F4806F0DAFB104806F090FA2068C8
:104C100000210C3006F043FA0C4806F083FA2368B2
:104C20005B7843B1BDE8704040F23F42024B064919
:104C3000034806F0C3BB70BDA13801086E3C0108F3
:104C400017340108823C01089D3C0108D8A30020CC
:104C500010B50368044693F9082012F10C0F0FDA1F
:104C6000027123681BB306F075FA236893F90820D4
:104C70000C32A4BF22791A72BDE8104006F076BA51
:104C8000FA22027158680028EBD01B7803F0F00379
:104C9000102B07D0202BE4D1A289A16805F0E6FFF4
:104CA0002071DEE7A289A16803F01EF9F8E710BDC4
:104CB00037B50368044693F9082012F10C0F0EDA99
:104CC000027106F047FA236893F908200C3201DBE1
:104CD00022791A7203B0BDE8304006F047BAF522D7
:104CE000027158680028ECD01A7802F0F002102AFD
:104CF0004BD15B78002B44D1037D13B1FA23237190
:104D0000DFE7FF210DF1070203F038F9054638B956
:104D10009DF8073023712368002BD2D103B030BD3A
:104D20002068103006F09DF938B12068103006F088
:104D300051F92068103006F099F90023206823719A
:104D4000143006F08EF928B920680621143006F0D8
:104D500031F9207194F9043063B90223216828469F
:104D60004B704D6003F0E2F923680949586803F07D
:104D700025FAD0E7284603F0FBFC002223685A609E
:104D8000C9E7022B9DD10023B9E7F023B7E700BFA5
:104D90004D4A0008F8B500230371036804465A68B9
:104DA00052B906F0D7F9236893F908200C321ADAC1
:104DB000BDE8F84006F0DAB91B7803F0F003102BD9
:104DC000EFD14FF6FF778568BD422E4628BF3E469D
:104DD0002368B1B2586803F053F9AD1BF4D12368CE
:104DE000002BDED1F8BD22791A72E1E710B5036815
:104DF000044693F9082012F10C0F4DDB1A7802F0EB
:104E0000F002102A46D15A78002A53D15A68002A53
:104E100053D001225A701A6A0AB9DB6933B140F2E1
:104E20008262284B2849294806F0C8FAE36833B95A
:104E300040F28462234B2649244806F0BFFA002141
:104E400020680462C161FFF739FA002838D023686E
:104E50005B78012B06D040F289621A4B1D491B4832
:104E600006F0ACFA1C4806F062F9206800210C300C
:104E700006F015F9184806F055F923685B78012B00
:104E80001ED1BDE8104040F28D620E4B11490F4813
:104E900006F094BA6FF00502227106F05BF9236800
:104EA00093F908200C32A4BF22791A72BDE8104091
:104EB00006F05CB96FF00402EEE76FF00A02EBE770
:104EC00010BD00BFA1380108823C01081734010859
:104ED000B93C01089D3C0108D8A3002010B5044648
:104EE000006842684378002A48D0027802F0F00255
:104EF000102A43D1227A032A01D0022B3ED0032B61
:104F00003CD0012B4AD0D30701D5FFF74FFD2368D2
:104F10001A6A0AB9DB6933B140F21B72214B22498C
:104F2000224806F04BFA04232068002143700462F3
:104F3000FFF7B6FA002834D023685B78042B06D03C
:104F400040F22172174B1A49184806F037FA1948EF
:104F500006F0EDF8206800210C3006F0A0F81548A6
:104F600006F0E0F823685B78DBB1BDE8104040F262
:104F700025720C4B0E490D4806F020BA6FF00A035B
:104F8000237106F0E7F8236893F908200C32A4BFD8
:104F900022791A72BDE8104006F0E8B86FF00403F9
:104FA000EEE710BDA1380108823C01081734010862
:104FB0009D3C0108D8A3002010B5044660B10068EC
:104FC00020B102F067FC0023C4E900332146BDE8AC
:104FD0001040062002F01ABB10BD000008B540B911
:104FE000C2220F4B0F49104806F0E8F96FF00F008E
:104FF00008BD19B9C3220A4B0C49F4E71AB9C422F7
:10500000074B0B49EFE7436833B15B680B604368BC
:1050100000205B891380EBE76FF00100E8E700BF39
:10502000E23C0108F03D010817340108093E01087F
:10503000263E010807B51D4A13680BB15068984712
:105040001B4806F06FF81A4C1A4D261D204606F034
:105050006EF8304601A905F025FD204606F062F8FD
:10506000019B33B92B4669221349144806F0A6F96F
:10507000ECE71A78032A0CD0042A10D0022A12D1A5
:10508000D3E90212586890470920019902F0BEFA4C
:10509000DCE7D3E90120904708200199F6E7D3E93E
:1050A00001209047D2E72B469B22DDE7D0A30020CA
:1050B000D8A30020723E0108DA3E01081734010827
:1050C000F8B5074610480E46154605F0CAFF28B940
:1050D000B5220E4B0E490F4806F070F9092002F078
:1050E00079FA044668B102230146C0E901760370EB
:1050F000C560054805F078FF28B12146092002F077
:1051000085FA4FF0FF30F8BDDCA30020723E0108A5
:10511000F83E01081734010891F8333013F0180FE6
:1051200014BF024A024AFFF7CBBF00BFADAE000872
:105130005D66000870B50D46054E0446304605F024
:10514000F1FF2846A047304605F0F1FF002070BD72
:10515000D8A3002037B505460C4601F0CFFF124812
:105160000621C0E900540C3005F024FF30B140F2B4
:10517000D5120E4B0E490F4806F020F90E4805F0E7
:10518000C3FF30B140F2D912084B0C49094806F070
:1051900015F902230022009309494FF47A73094854
:1051A00005F0C8FF03B030BDD0A30020723E010857
:1051B000053F010817340108D8A30020283F010843
:1051C00035500008493F0108437A8B421FBF002336
:1051D00041728372C382704738B5838A04460233B2
:1051E000442B0D4606D940F28252094B09490A4820
:1051F00006F0E4F8A38A2269280AD11881F8F000A1
:10520000991C01339BB21A44A18282F8F05038BD38
:10521000503F0108BD3F01081734010870B5838A6B
:1052200015460232D2B21344442B04460E4606D928
:105230004FF4AE62084B0949094806F0BFF8A38A4B
:105240002069C21882F8F0609A1C01339BB218449E
:10525000A28280F8F05070BD503F0108FE3F010867
:105260001734010838B5838A0446432B0D4606D906
:1052700040F27B52064B0749074806F09FF8A28A86
:105280002369511C1344A18283F8F05038BD00BF3C
:10529000503F0108464001081734010810B5044684
:1052A00040B940F28272BDE81040154B15491648CE
:1052B00006F084B8036933B940F28372104B134986
:1052C000114806F07BF8A38A432B06D940F284727A
:1052D0000B4B0F490C4806F071F8A38A2269591C40
:1052E000A182FF21134483F8F0100021A38A432BED
:1052F00000D910BD581C1344A08283F8F010F5E7C4
:10530000503F01088140010817340108A3400108FB
:10531000CF40010838B5838A05460433442B0C4638
:1053200006D940F28A520F4B0F49104806F046F852
:10533000AB8A2A69200ED11881F8F000591C89B275
:105340001144200C81F8F000991C89B21144200A04
:1053500081F8F000191D03339BB21A44A98282F828
:10536000F04038BD503F01080E41010817340108D4
:105370002DE9F0410D469046064650B940F21D72A7
:105380005D4B5E495E4806F019F86FF00F00BDE80E
:10539000F08149B940F21E72574B5A49584806F0FD
:1053A0000DF86FF00500F2E7CB6833B140F21F72E1
:1053B000514B5549524806F001F82B6933B14FF46F
:1053C000E4624D4B51494E4805F0F8FF00224FF47E
:1053D0009A71104602F0C8FAE860002800F089804F
:1053E0004389B3F59A7F06D240F22772424B48496F
:1053F000434805F0E3FFB8F1030F02D16B7A032BAA
:1054000007D1AB7A434C13B905F0D8FE206023686E
:105410002B60EB6800275C6801232C6123706370AC
:1054200096F82C30E770A370286801F018FE4FF44E
:10543000C873606023FA08F32C69DB072772677270
:10544000A772E77227736773A773E77306D4B8F17F
:10545000030F05D16B7A043B012B01D87368E3601D
:105460000023224623746374A374E3742375637565
:10547000A375E37523766376A37602F81B3F96F84F
:105480002C002D3699B2884231D9052B2FD8F15CEA
:105490000133102B02F8011FF4D14022002104F146
:1054A0002C0006F010F88022002104F16C0006F0B8
:1054B0000AF86FF07D01632284F8ED100023532178
:1054C00084F8EC2084F8EE1004F8EF2FAB8204F897
:1054D000013F0133442BFAD1012235212846FFF741
:1054E0009DFE28464146FFF7BDFE00204FE7002104
:1054F000CEE74FF0FF304AE7503F01084E41010828
:10550000173401086D4101088B410108B0410108C1
:10551000D7410108E0A3002010B5044640B940F28D
:105520006D72BDE810400F4B0F49104805F046BFA3
:10553000C36833B940F26E720A4B0D490B4805F04F
:105540003DFF236933B940F26F72064B09490748A2
:1055500005F034FFE06808B102F09CF90023C4E9CB
:10556000033310BD503F01081742010817340108EA
:10557000354201085A420108002373B50646446AC1
:1055800006212046A362FFF71FFE01222146304676
:10559000FFF7EEFE054678BB022239212046FFF7D1
:1055A0003DFE2046718DFFF717FE0322372120466E
:1055B000FFF734FE01212046FFF754FE0321204669
:1055C000FFF750FE1C212046FFF74CFE2046FFF758
:1055D00065FEA18AE068F03189B202F093FA134BBC
:1055E0001348CDE90063134A4323E168406805F09E
:1055F00099FB2046FFF790FFA37A2846FF2B1CBF9C
:105600000133A372A27A052A96BF4FF47A734EF63D
:10561000602393404FF4FA7298BF9BB203F2F313E6
:105620009BB2B3FBF2F3E38202B070BD80CC000802
:10563000E0A300207CCC000838B50546446A082168
:105640002046FFF7C1FD0022284604F1280100F0A2
:10565000CBFDA37AFF2B1CBF0133A3720123E3828E
:1056600038BD000013B5044648B940F2FE323C4B49
:105670003C493D4802B0BDE8104005F09FBE406A7D
:1056800020B94FF48062364B3849F2E70023038497
:10569000436B5A1C06D01E33B3F5701F3FD34FF631
:1056A000FF734384836B591C0BD01E33B3F5701FFB
:1056B0003CD23B2B3DD93C22B3FBF2F39BB203839C
:1056C0008383C36B5A1C0BD01E33B3F5701F32D2C9
:1056D0003B2B33D93C22B3FBF2F39BB24383C3830E
:1056E000438B028B9A4202D30BB100230383C37A0C
:1056F00033B3C36A026B0093019222B9826A1340EA
:1057000043F0807301930A21FFF75EFD6A4600F1C2
:10571000280101AB204601F0BFFF02B010BD3B2BBA
:105720008ABF3C220123B3FBF2F3BAE74FF6FF73C3
:10573000C5E70123C3E74FF6FF73CFE70123CDE7AA
:1057400090F9282090F82830002A06DABF2B4FF66F
:10575000FF7388BF6FF07F43CCE7FF23CAE700BF2A
:10576000503F010881420108173401089A4201089C
:1057700037B503210546446A0A462046FFF724FD53
:1057800021462846FFF7F4FD00283AD102223921AC
:105790002046FFF743FD4FF410712046FFF71CFD34
:1057A000042232212046FFF739FDA06A01F057FCA0
:1057B00001462046FFF7AEFD032237212046FFF7C2
:1057C0002DFD01212046FFF74DFD03212046FFF767
:1057D00049FD1C212046FFF745FD2046FFF75EFDF1
:1057E000A18AE068F03189B202F08CF91248009584
:1057F0004323124AE168406805F0FAFA2046FFF7B1
:105800008BFEA37AFF2B1CBF0133A372A37A092B53
:105810008EBF42F21073C3EB431203EB82034FF4CB
:10582000FA729CBFDB009BB203F2F3139BB2B3FB93
:10583000F2F3E38203B030BDE0A300207CCC00088B
:1058400037B50546446A01212046FFF7BDFC032217
:1058500021462846FFF78CFD002847D10222392136
:105860002046FFF7DBFC2046698DFFF7B5FC0422DC
:1058700032212046FFF7D2FCA06A01F0F0FB01467E
:105880002046FFF747FD042236212046FFF7C6FCDD
:10589000606A01F0E4FB01462046FFF73BFD03226E
:1058A00037212046FFF7BAFC01212046FFF7DAFC3A
:1058B00003212046FFF7D6FC1C212046FFF7D2FC2F
:1058C0002046FFF7EBFCA18AE068F03189B202F0D4
:1058D00019F9134B1348CDE90053134A4323E168E8
:1058E000406805F01FFA2046FFF716FEA37AFF2B4B
:1058F0001CBF0133A372A27A052A96BF4FF47A73B4
:105900004EF6602393404FF4FA7298BF9BB203F2B5
:10591000F3139BB2B3FBF2F3E38203B030BD00BFDD
:1059200080CC0008E0A300207CCC000837B50546F9
:1059300048B940F27B32234B2349244803B0BDE8E9
:10594000304005F03BBD446A002C39D0637A082B07
:1059500036D10A68A36A9A4232D10C212046FFF759
:1059600033FC042221462846FFF702FD08BB04222F
:1059700032212046FFF752FCA06A01F070FB01467D
:105980002046FFF7C7FC2046FFF788FCA18AE068A5
:10599000F03189B202F0B6F80D4B0E48CDE9005354
:1059A0000D4A4323E168406805F0BCF92046FFF743
:1059B000B3FDA37AFF2B1CBF0133A3721423E38230
:1059C00003B030BD503F01088C4201081734010874
:1059D00080CC0008E0A300207CCC000873B506460C
:1059E000446A05212046FFF7EFFB0322214630469B
:1059F000FFF7BEFC054670BB022239212046FFF7A7
:105A00000DFC2046718DFFF7E7FB0322372120466E
:105A1000FFF704FC01212046FFF724FC0321204668
:105A2000FFF720FC1C212046FFF71CFC2046FFF757
:105A300035FCA18AE068F03189B202F063F81448BD
:105A400000964323E168406804F1240205F0D0F990
:105A50002046FFF761FDA37A2846FF2B1CBF0133C8
:105A6000A372A37A092B8EBF44F62063C3EB4312C3
:105A700003EB82034FF4FA729CBF1B019BB203F24B
:105A8000F3139BB2B3FBF2F3E38202B070BD00BF2D
:105A9000E0A3002050B1406A40B1407A0A2806D005
:105AA000043801288CBF00200120C0B270470120BB
:105AB000FBE700007FB5446A0646002C42D0636ACB
:105AC00000210393FFF7E6FF05462046FFF77CFB26
:105AD000C4E90711C4E90911C4E90B11C4E90D11A6
:105AE000E16365B3072221463046FFF741FC0546D6
:105AF000F8B9042236212046FFF790FB039801F005
:105B0000AEFA01462046FFF705FC2046FFF7C6FB2C
:105B1000A18AE068F03189B201F0F4FF0B480096E9
:105B20004323E168406803AA05F062F92046FFF7C5
:105B3000F3FC074B30461A46194601F0ADFD2846E6
:105B400004B070BD6FF00F05F9E700BFE0A30020BF
:105B500080CC00084D4B73B51D680DB902B070BD07
:105B60006C6A7CB1637A6BB1618C69B1228C013251
:105B700092B29142228407D12846FFF79BFF284624
:105B8000FFF7FAFC2D68E8E7E68B002E65D0721E61
:105B9000012EE28361D1013BDBB2092BF2D83C4AF2
:105BA00042FA03F3DB07EDD404212046FFF70CFB98
:105BB000032221462846FFF7DBFB68BB022239217E
:105BC0002046FFF72BFB2046698DFFF705FB0322DC
:105BD00037212046FFF722FB31462046FFF742FBE4
:105BE00003212046FFF73EFB1C212046FFF73AFB2E
:105BF0002046FFF753FBA18AE068F03189B201F03B
:105C000081FF244800954323234AE168406805F05A
:105C1000EFF82046FFF780FCA37AFF2B1CBF01336F
:105C2000A372A37A092B8EBF42F21073C3EB431207
:105C300003EB82034FF4FA729CBFDB009BB203F2CA
:105C4000F3139BB2B3FBF2F3228CE382638C9B1AB7
:105C5000012B97DD5B10E38394E7A28B002A91D0A0
:105C6000511E012AA1838DD103F0FB02012A01D02C
:105C70000A2B87D12846FFF7B1FE638B228C9B1A33
:105C8000012BC4BF5B10A3837CE700BF700A012017
:105C9000E6FDFFFFE0A300207CCC0008234B10B5FD
:105CA0001C6804B910BD636A23B1DA8A012A03D9DA
:105CB000013ADA822468F4E7FCD10022DA825A7AC7
:105CC0000C2A1ED0013A072AF4D801A151F822F07B
:105CD000F15C0008B55C00081F5D0008B55C0008B9
:105CE000B55C0008035D0008B55C00080B5D0008AA
:105CF0009B7A2046052B02D8FFF7A2FDDAE7FFF7D3
:105D0000D9FE2046FFF738FCD4E79B7A2046012BCA
:105D100002D8FFF791FCCDE7FFF7A4FCCAE79B7A16
:105D20002046012BEED8FFF723FDC3E7700A0120C0
:105D300070B518264643074C0546A05918B101F026
:105D4000A9FD0023A351182303FB05440023237559
:105D500070BD00BF14A400202DE9F347DDF82CA08E
:105D6000884691461E46074630B94FF48B622C4B4D
:105D70002C492D4805F022FB00221C21022001F0B5
:105D8000F3FD0546002847D043891B2B06D840F277
:105D90006342234B2549244805F010FBBDF834002D
:105DA0006C6801F059F9E08097F82C30062B06D08A
:105DB00040F26A421A4B1E491B4805F0FFFA33684D
:105DC0004246A360B3880026A381DAF80030294652
:105DD000C4F81230BAF804303846E3820A9B1B68D4
:105DE000C4F80E300C9B1B682670A36101236370FE
:105DF0000823A370062323710423637140F606036E
:105E0000E67000934B4605F09DF8284601F042FDF0
:105E1000304602B0BDE8F0874FF0FF30F9E700BF31
:105E2000E34301088C420108173401085244010879
:105E3000834401082DE9F74F002301910A213C4AD0
:105E400005460E468C46994698469E460846144698
:105E50000A2892F814A027D1BAF1000F27D158B21E
:105E600001330A2B02F11802F2D1019B012B5BD105
:105E70000A283DD0C6B2182303FB06431B7D33B16D
:105E80004FF4C3722B4B2C492C4805F097FA25B1DF
:105E9000182303FB06432A685A60182303FB0644B1
:105EA000002370B2638209E0BAF1000FD8D045B187
:105EB0002F68D2F804B05F4503D158B203B0BDE8F3
:105EC000F08FBAF1010FB2F812B00CD1176827B1F8
:105ED000F345C5D3DE4659B2C2E7C345C0D3D84661
:105EE0004FFA83FCBCE7CB4524BFD9465EB2B7E787
:105EF0000A2E0FD018237343E35833B140F26F12C8
:105F00000C4B0F490D4805F059FAF6B23046FFF731
:105F10000FFFB0E7BCF10A0F02D05FFA8CF6F5E78D
:105F20000A2901D0CEB2F1E74FF0FF30C6E700BF3B
:105F300014A40020E3430108DB44010817340108DE
:105F4000C444010870B506460024074D2B7D2BB1D3
:105F5000AB68B34202D12046FFF7EAFE01340A2CB7
:105F600005F11805F2D170BD14A400202DE9F04709
:105F700007460C4686B049B94FF422724A4B4B494A
:105F80004B4806B0BDE8F04705F018BA45682B88C5
:105F9000B3F5807F08D12B79062B05D16B79042BC3
:105FA00002D16B88082B05D0384606B0BDE8F04713
:105FB00001F070BCD5F80E304E68059305F1080865
:105FC000AB69002E56D09E4253D10126B24694F8BA
:105FD0002C30062B06D040F2AB12334B35493448F7
:105FE00005F0ECF90598B8B3214600F09AFC81461B
:105FF00090BB059B03F0F003E02B2DD0514605A884
:10600000FFF718FF031E27DB182102204B432A4A03
:1060100003F10C0CD11808758C60A86802EB0C0E0B
:1060200042F80C00B8F80400AEF8040052F803A0DF
:10603000A1F81290BAF1000F0ED042F803904FF47D
:106040000063514600932046434604F12D0204F0BC
:1060500079FF504601F01EFCEB88B3F5807F0CD031
:10606000B3F5007F1AD0384601F014FC06B0BDE845
:10607000F08700264FF0020AA9E7002EF3D0022293
:10608000039205AACDE9018204F12D03221D00929D
:10609000194642462046FFF75FFEE4E7204605A981
:1060A000FFF744FCDFE700BFE34301088C4201082F
:1060B000173401084545010814A400201FB5012428
:1060C0000246CDE90214064900F12D030432019184
:1060D00000921946034AFFF73FFE04B010BD00BF0F
:1060E000DACD0008D4CD000838B50025124C227D49
:1060F0006AB1638A01339BB2B3F5967F638203D2A0
:10610000012A0AD1042B0DD92846FFF711FE0135CB
:106110000A2D04F11804EAD138BD032A07D104235B
:106120002375F4E7A068211DFFF7C8FFEFE7042AF5
:10613000EDD10223F4E700BF14A4002018232DE9B9
:10614000F043244E054603FB02631B7D8846012B6A
:10615000144685B006D84FF43B721F4B1F492048A8
:1061600005F02CF9182303FB04F2B7183B7D02F16C
:106170000C04022B344405F12D090BD17B8AB3F5B5
:106180008E7F13D9111D28463144FFF797FF08B9B8
:1061900003233B754FF400634A4600934146234670
:1061A000284604F0CFFE05B0BDE8F083B3F5877F45
:1061B000F0D3012303930B4B0432164401932B1DA0
:1061C000009322464B46494628460296FFF7C4FDF7
:1061D000DDE700BF14A40020E3430108694501087E
:1061E00017340108DACD00082DE9F3478846064642
:1061F0000146D8F80000154600F093FB00285DD159
:10620000D8F8003003F0F002E02A57D0002B55D028
:1062100001214046FFF70EFE041E52DB1823354FC6
:1062200003FB04731A7D002A4DD101229E601A756A
:1062300041463046FFF742FF95B118236343FA18F1
:10624000127D012A0FD94FF400620C3387F8F04019
:106250002946009230463B4406F12D0204F072FEBE
:1062600002B0BDE8F087FBD12E46DFF88C80DFF866
:106270008C90DFF88CA010E0728933899A4208D1A3
:10628000336833B143464FF47B724946504605F0BC
:1062900095F8337B012B1BD13668002EECD12846B4
:1062A00001F09CFC2E46182505FB04F3F85808B1B4
:1062B00001F0F0FA654300207E51D1E76FF00F0046
:1062C000CEE72046CCE7002DB2D04FF0FF30B4E748
:1062D00031890022022001F047FB064638B12946E9
:1062E00001F0DCFC0028DED0304601F0D3FA4FF09C
:1062F000FF30B5E714A40020E343010899450108E5
:1063000017340108F0B50E461546044685B030B97D
:1063100040F21B323E4B3F493F4805F04FF836B93B
:106320004FF447723A4B3D493B4805F047F835B9C1
:1063300040F21D32364B3A49374805F03FF82146C6
:10634000286800F0EEFA00285DD12B6803F0F00217
:10635000E02A1CD10123ADF808305E238DF80A3005
:106360006B7803F07F038DF80B30AB788DF80C3031
:10637000EB788DF80D3002AB4FF40062314600929D
:10638000204604F12D0204F0DDFD05B0F0BD626889
:10639000A1685A400A4208D04FF6A9629BB29342C4
:1063A00003D0E3688BB304F10C0518231D4991F861
:1063B000F02003FB0213187D01280AD928685B68C6
:1063C000984206D13146204605B0BDE8F040FFF7BF
:1063D000B5BE0022134B187D012807D92F685868D5
:1063E000874203D1D2B281F8F020EBE701320A2ACA
:1063F00003F11803EFD132462946204605B0BDE827
:10640000F040FFF7F1BE084BB6E76FF00300BCE7C2
:10641000E34301088C42010817340108A14E01082A
:106420002645010814A40020D4CD0008F0B5044688
:106430000F46164624210022012087B001F094FA6D
:10644000054690B34389232B06D840F26112184BBE
:106450001849194804F0B2FF002360686C6800F125
:106460001C0123716371A371E37103462770667089
:1064700004F1080253F8046B8B4242F8046BF9D123
:10648000C36805A8059300F0BDF858B100210123A9
:10649000A170E17005AACDE900130290FF23284600
:1064A00000F02EFA284601F0F5F907B0F0BD00BF64
:1064B000B345010820460108173401082DE9F043CF
:1064C000464F0446D7F80890884699F8005085B0A2
:1064D00005F00F05AD00132D17D94389032B14D9EF
:1064E00043681B78082B10D1786900F0F003E02B8B
:1064F0000BD0396800F015FA38B92389072B04D975
:10650000204600F0D8FD064628B1204605B0BDE87B
:10651000F04301F0BFB9204605F10E0101F0B4F9D6
:1065200000284BD0218932462944022089B201F04B
:106530001BFA06460028E8D0428905F108039A4272
:1065400003D2304601F0A6F9DFE749462A46406803
:1065500005F05DF83046694201F096F930B1AF229E
:106560001F4B2049204804F029FFEAE72146304626
:1065700001F094FB0028E4D1204601F08BF9344669
:1065800029462046666801F07FF902460028BCD102
:1065900060687B690121C3603B690361FF2332703E
:1065A000B270F27003728272C272CDE9002120468D
:1065B0000E49CDF8088000F0A3F9A6E7C5F57F41A4
:1065C000F231204609B201F05FF90028D8D0C0228C
:1065D000034B0749044804F0F1FE96E710A500209C
:1065E000B34501084C4601081734010824A50020D2
:1065F000814601080A460321FFF718BF0A460B210E
:10660000FFF714BF30B5134B0246186868B9124B38
:106610001B684BB193F8332002F00502052A03D121
:106620005A68002A18BF184630BD90F83310CD07BD
:106630000DD54C070BD543684BB114688568634092
:106640002B42F1D08B0702D4C3689C42ECD0006887
:10665000DCE700BF700A0120780A01202DE9F84F1D
:10666000D0F80480044698F800900F464FEA1913BA
:10667000042B05D0204601F00DF90020BDE8F88F6D
:10668000B8F8020000F0E8FC238909F00F09834202
:1066900005464FEA890903D90146204601F032FA3E
:1066A00063894B45E6D32389AB42E3D3B9F1130F9A
:1066B000E0D9D8F81030534D6B61D8F80C2003F0B6
:1066C000F003E02B2A6197F833200CD1D20705D4D0
:1066D00098F80930112B63D000261DE07B68002B51
:1066E000F6D03E4618E03E464FF0010ADFF818B1FA
:1066F00096F83330DB0704D4BAF1000F43D1366883
:1067000046E07368002BF7D06869834204D03146B5
:1067100000F007F90028EFD0286948B1394600F0A9
:1067200000F90028A6D12B6903F0F003E02BA1D0DB
:10673000002E9FD0B8F8063023F0C0033BB12046AE
:1067400000F00CFA0446002897D0D0F80480C5E980
:106750000067C5F8088098F80030204603F00F0362
:106760009B00C9F10001AB8101F08EF898F8093067
:10677000062B29D0112B1BD0012B2AD139462046BC
:10678000FFF79CFE18E02B7D7F2BA1D0DBF800608B
:10679000BE4208BF36684FF0000A002EA8D197E726
:1067A00008EB09035B88B3F5884F95D13E46C1E7F6
:1067B0003946204604F0C4F90023C5E90033C5E991
:1067C0000433AB60AB8158E73946204602F012FD36
:1067D000F2E73146686900F0A4F870B96B6903F01C
:1067E000F003E02B09D04946204601F050F8022181
:1067F0002046C4F80480FFF7FDFE204601F04AF869
:10680000DAE700BF10A50020700A01202DE9F34748
:106810009846C3890546012B894616460C9F06D02B
:1068200040F23332304B3149314804F0C7FD002E7D
:106830004CD01421284601F027F8002851D16B894B
:106840006C68132B06D84FF45872274B29492848F7
:1068500004F0B4FD9DF82C3084F80880637233682E
:106860004FF000082361452323709DF82830DFF89E
:1068700088A06370288900F0EFFB84F806806080B0
:1068800084F80780BAF8000000F0E6FBBAF80030A0
:10689000A0800133AAF80030B9F1000F13D1174BD3
:1068A0001B68E36084F80A8084F80B807B8D93B1C9
:1068B0002A899A420FD932463946284600F0EEFA24
:1068C00002B0BDE8F087D9F80030EAE76B6801AEA6
:1068D0001B690193EAE73246294638467B699847A7
:1068E000EEE76FF00100EBE7B34601081F47010830
:1068F000173401082B47010806A5002080CC0008AA
:10690000F0B4069C9DF810509DF814601AB109B1BE
:106910000F6807B9211DCDE905640495F0BCFFF7A8
:1069200075BF431E0333024612D891F8333013F07B
:10693000020010D04B6893420CD0896853400B4240
:1069400008D1CB4322EA0102D31A5842584170477A
:10695000012070470020704738B50C4B04461A6878
:106960000D46824207D102681A602146BDE83840D0
:10697000042000F04BBE31B940F24512044B0549EA
:10698000054804F01BFD23682B60EEE708A50020F6
:1069900058470108C94701081734010881422DE909
:1069A000F84F04460E4605D1AB222F4B2F493048F5
:1069B00004F004FD46B13368A34205D0AD222A4B52
:1069C0002C492B4804F0FAFC67687B689A8892BBD4
:1069D0001A6804F11C01626004F1080252F8040B09
:1069E0008A4243F8040BF9D101213846FFF706FE2D
:1069F000384601F0EBF80546384600F04BFF676873
:106A0000DFF86480DFF87090DFF864A0AFB920464B
:106A10001A4C3146FFF7A0FFA388AB4205D2D22221
:106A2000114B1749124804F0C9FCA38828465B1B88
:106A3000A380BDE8F88F0025E1E77B683846D3F8EE
:106A400000B001F0C3F80544B5F5803F05DB4346CF
:106A5000CC224946504604F0B1FC384600F01AFFFB
:106A60005F46ADB2D2E700BF58470108E2470108D0
:106A700017340108EE4701080048010808A5002066
:106A80001D4801082DE9F04105460F460026DFF8B4
:106A9000688000242146A4462046D8F8003053B927
:106AA00010B1FFF77BFF0644BE4201DA012CF0DC97
:106AB0003046BDE8F081D5F80CE05A69724509D13D
:106AC000D5F810E09A69724504D1B3F80CE0AA88B1
:106AD000964508D0013460B1C27F93F81FE0964517
:106AE0009CBF614618461A68002A18BF9C46134688
:106AF000D5E761461846F6E708A5002010B504461C
:106B000030B94FF42E72074B0749084804F056FC81
:106B1000606908B100F0BEFE2146BDE810400520C6
:106B200000F074BD584701083848010817340108BF
:106B300038B50024084B186800B938BDC37F056814
:106B400023B1013BC37704462846F5E72146FFF70A
:106B500025FF2046F7E700BF08A500202DE9F74FE5
:106B6000456806462B7803F00F03052B40F095800F
:106B7000E88800F071FAC0F30C08688800F06CFA3D
:106B80002B78B14F03F00F03A0EB830083B23046A4
:106B9000019301F01BF8BB88824603440A2B4FEA9D
:106BA000C80871DC3C68002C7CD1042000F012FD88
:106BB000044658B951462846FFF764FF82456CDC0D
:106BC000042000F007FD0446002866D01C220021A6
:106BD000201D04F078FC0323E3773B6804F10802EE
:106BE00023602B463C6005F1140153F8040B8B42E3
:106BF00042F8040BF9D1B5F806B01BF0200B08D110
:106C0000019B43449BB2984547D84FF6EB729342A1
:106C100043D87568688800F01FFA2B7803F00F03DB
:106C2000A0EB8302E8881FFA82F900F015FAD4F885
:106C300004E0C0F30C030025DB0009EB03027046FF
:106C40004FF0010977681FFA82FC3D707D70BD70BE
:106C5000FD70BB80FA80A0BB002D00F0A680EA8802
:106C60009A4206D940F2AB12784B7949794804F040
:106C7000A5FB2E60EA88BB889A4235D0BBF1000F95
:106C80003DD04FF0000932E001462846FFF7FAFEFA
:106C900018B1BB8853440A2B84DD304600F0FAFD5E
:106CA00000266DE0EB6862699A4208D12B69A269FF
:106CB0009A4204D1A289AB889A4200F0D38024681A
:106CC00071E7426891888B4262D23860002D5BD0B8
:106CD000EA889342C0F09A808C4500F297809342F4
:106CE00018BF4FF000092E60BBF1000F04D0A37F46
:106CF00013F0010300F09580B9F1000F60D14FF05F
:106D00000009514FBB885344BB80BBF1000F07D132
:106D1000019B9844A37FA4F81C8043F00103A37750
:106D2000B9F1010FBCD1A38B04F11C011433A3836F
:106D300063685E6804F108033246356853F8040B53
:106D40008B4242F8040BF9D1A08B00F085F90023A7
:106D50007080B371F371B372F3726668002D62D103
:106D60003B68A34202D01D46002B6AD1294620462B
:106D7000FFF7F2FD304600F029FFBB881B1ABB80ED
:106D8000304603B0BDE8F08F8C453FD86660ABE776
:106D90003CD0D088984239D825B1E888884218BFBD
:106DA0004FF000091546106855E7BEF1000FEDD011
:106DB00040F2B312254B2849264804F0FFFAE5E7D4
:106DC0006368002B9BD059688B88002B97D13B6858
:106DD0009BB9B94206D140F2D5121C4B1F491D4840
:106DE00004F0ECFA3B68002B8BD040F2D712174B23
:106DF0001B49184804F0E2FA83E75A68F888938838
:106E000098427FF47CAF17461368E1E7304600F004
:106E1000DDFE0D4A93881B1A3046938000F03AFD40
:106E20003BE799466DE76FF013012846D5F80480DB
:106E300000F02AFD2946304600F0ECFED8F800505C
:106E40008CE72B688DE700BF08A500205847010894
:106E500044480108173401086248010899480108AC
:106E6000A6480108E88800F0F7F8C0F30C000028F5
:106E70007FF4C1AEE08900F0EFF8C0F30C00002809
:106E80003FF4B9AE2B4604F1080205F1140153F8A2
:106E9000040B8B4242F8040BF9D1ACE62DE9F04F1C
:106EA0008BB007924A8D0646B2F1140348BFA2F197
:106EB0000D03DF10C3F3CF03069343688A460293A2
:106EC0001B7803F00F03052B0BD040F2E1225C4B43
:106ED0005C495D4804F072FA6FF005000BB0BDE844
:106EE000F08F029BD88800F0B7F8C0F30C0310F4C1
:106EF0000054039304D040F2E622514B5349E8E793
:106F00004FF014083589BFB2143DFB00ADB20593B4
:106F10000DB92846E2E7059B0022AB42A8BF2B46ED
:106F200014219BB20220049300F01EFD074610B905
:106F30004FF0FF30D2E77389132B06D84FF442721B
:106F40003F4B4349404804F039FA029B7A6819469E
:106F5000143153F8040B8B4242F8040BF9D1D7F8E3
:106F600004B0DDF81090B9F1000F39D07489A4EBAA
:106F70000804A4B24C4528BF4C461CB94FF0000889
:106F80003668F0E7052000F025FB034618B93846BF
:106F900000F080FCCCE701947268089042440092B3
:106FA00021460222042000F041FC089B20B919462A
:106FB000052000F02BFBEAE7CDE90803304600F09E
:106FC0000DFE099B234AA9EB0409384608995E6126
:106FD0001A611FFA89F900F01DFEB9F1000FCDD139
:106FE000039BA044C3F30C00BAF82A301FFA88F8B8
:106FF000133B9D42A8BF40F4005000F02DF8049BC5
:10700000ABF8060003F1140080B200F025F800236D
:10701000079A3946ABF802008BF80A308BF80B3030
:107020005046DAF814309847384600F033FC049B99
:10703000069AEB1A9DB2039B13449BB2039367E736
:1070400058470108C848010817340108EF480108EB
:1070500009490108FD6A000840BA80B2704700BAC9
:10706000704730B510F001044FF0000307D099428B
:10707000C2BF10F8012B01F1FF3162F31F23002280
:10708000012913DC02BF017861F307039BB21344AB
:107090009AB202EB134398B200EB134024B10302FF
:1070A0009BB2C0F30720184380B230BD30F8025BBA
:1070B00002392A44E4E7F8B500260546344645B9C6
:1070C00026B123029BB2C4F307241C43E04380B2E1
:1070D000F8BD6F8968683946FFF7C3FF0444A3B25F
:1070E00003EB1444FB0707D52302C6F101069BB24C
:1070F000C4F30724F6B21C432D68E0E708B503F09B
:10710000F7FF00F00DF800F057FA00F0A2FA03F0D4
:1071100015FD00F0E7FEBDE8084003F09DBC00004F
:107120004FF42052114B10B523F003031A600022D4
:107130004FF028210E481A7103F52052426003F5E2
:107140000052C2F8001801210360836082F804181D
:107150000C3003F0D9FF40B1BDE810404FF4CC72C1
:10716000044B0549054804F029B910BD3BA5002092
:1071700028A5002029490108904901081734010871
:1071800070B50446002800F08E80830706D04FF4C7
:10719000D672454B4549464804F010F9454D2B68D9
:1071A000A3426DD86B68A3426AD9434803F0BAFF83
:1071B00014F8043CA4F1080633B94FF4E0723A4BDA
:1071C0003E493B4804F0FAF8002304F8043CAB685D
:1071D000B3422B6888BFAE609E4206D240F25D1279
:1071E000314B3749324804F0E9F86B689E4206D3C8
:1071F0004FF4AF722C4B33492D4804F0DFF814F8EC
:10720000043C33B140F25F12274B2F49284804F069
:10721000D5F834F8083CB3F5205F06D94FF4B172C5
:10722000214B2A49224804F0C9F82B6834F8081C7D
:107230005A1896420FD0107968B9686882420AD00D
:10724000A86882425A5AA6EB030124F8082C1A4473
:1072500008BFAE60518034F8062C99188E420AD0CF
:10726000087940B9A868864208BFA96034F8081CAC
:1072700099520B445A801048BDE8704003F057BF44
:10728000094B4FF4D7721249094804F097F82B685C
:10729000A34202D86B68A34287D803F05BFFBDE826
:1072A000704003F063BF70BD29490108AB49010874
:1072B0001734010828A5002034A50020E34901085F
:1072C000F74901080E4A0108284A0108434A010803
:1072D000CC4901082DE9F0414FF6FC7403310C4014
:1072E0000B2C054604D9B4F5205F02D9002518E01F
:1072F0000C243A4F3B68AB4202D87B68AB4206D8BD
:1073000040F2F312364B3749374804F057F83B68E0
:10731000AB4202D87A68AA4206D803F01BFF03F0FA
:1073200025FF2846BDE8F08135F8088CA5F1080650
:10733000F61AB6B2A8F10808A8EB06081FFA88F8F2
:10734000A04507D240F20622254B2849264804F0E2
:1073500035F8CBE7E5D0264803F0E4FE3B6835F886
:10736000081C58180279EAB906F108022244BC68E0
:1073700033F801C084424FF0000092B203EB0201E7
:10738000087123F802C04E8025F8082C08BFB960A8
:10739000995AB1F5205F01D019444A80144803F08E
:1073A000C6FEBEE704F1140292B29045F6D306F190
:1073B00008021444A4B2B8681A1990424FF00000B1
:1073C00010711953568025F8084C88BFBA601A5BB3
:1073D000B2F5205F1CBF9B185C80DFE728A500206A
:1073E000294901086D4A010817340108844A010837
:1073F00034A500202DE9F04140B14FF6FC74033074
:1074000004400B2C04D9B4F5205F02D900206AE0B7
:107410000C246FF00708394E06F10C0003F082FED1
:10742000B2683068C4F5205C131A9BB2634503D37D
:10743000334803F07CFEE9E7C51895F804E0C75A25
:10744000BEF1000F57D1A8EB03013944A14252D33A
:1074500004F1140C614548D304F10801194489B2C0
:1074600000EB010C8CF804E04752ACF80230012329
:1074700029802B71435AB3F5205F01D00344598012
:10748000AA420FD1716813790BB1914230D1914268
:10749000B26007D033B140F2CF221A4B1A491B48D1
:1074A00003F08CFF164803F042FE083473682C4446
:1074B000A34206D240F2D322124B1549134803F0DF
:1074C0007DFFAB070DD040F2D5220E4B11490F487E
:1074D00003F074FF40F2D7220A4B0F490B4803F028
:1074E0006DFF05F10800BDE8F08101232B71C7E7AE
:1074F00012880244C7E73B4698E700BF28A5002052
:1075000034A5002029490108A44A010817340108BC
:10751000BD4A0108ED4A01081C4B010838B5044674
:1075200003F018FEA36805461C685CB122681A6067
:10753000A30706D04FF4A472044B0549054803F095
:107540003DFF284603F012FE204638BD3F4B0108A0
:10755000A74B01081734010838B58B0705460C46C0
:1075600006D04FF4CE72074B0749084803F026FFB8
:1075700003F0F0FDAB681A6822601C60BDE838407B
:1075800003F0F4BD3F4B0108CA4B01081734010852
:1075900000224368816830B5033344880A6023F0D1
:1075A0000303944200DC30BD0D6801321D60058884
:1075B0000B602B44F5E7000038B50024044D01347E
:1075C00055F8040BA4B2FFF7E3FF0D2CF7D138BD3B
:1075D00084CC00080C2808B506D8084B53F82000C6
:1075E000BDE80840FFF79ABF40F28712044B0549F7
:1075F000054803F0E3FE002008BD00BF84CC00086E
:107600003F4B0108FC4B0108173401080C2806D930
:1076100040F2DB12054B0649064803F0CFBE21B10C
:10762000054B53F82000FFF797BF70473F4B010809
:10763000194C01081734010884CC0008436801463E
:1076400033B190F833301B0702D50431FEF736BD55
:107650007047704773B505460C46B9B10B68019386
:10766000019A6B689A420FD02E1D304601A901F095
:107670007BFA304601A903F003FC04B12468012120
:1076800028466C60FFF7DAFF02B070BD014B1B6843
:10769000E5E700BF80CC000870B5064615461C46DD
:1076A00009B10B684BB93046FFF7D4FF05B12D681F
:1076B000B56004B12468F46070BD02B11568B560AE
:1076C00004B124683046F460BDE87040FFF7C2BFE3
:1076D0002DE9F047DDF824A004460F469046994670
:1076E000BAF1000F05D1FB22154B1649164803F0DD
:1076F00065FE03230025154E84F82830089B20469C
:107700002362337939465A1C84F836300A9B327129
:10771000236142464B46C4E90155E56084F8335085
:107720006562E561FFF7B8FF2046D04728B93368A6
:10773000236034602046BDE8F0872C46FAE700BF9E
:10774000344C01089D4C010817340108700A0120CF
:10775000014B9860704700BF700A012090F83320F9
:10776000D10708D442F00101530780F8331002D545
:107770000321FFF763BF704790F83320D10707D587
:1077800022F00101130780F8331001D5FEF7DABBB0
:107790007047000070B570BB40F23F221E4B1F497E
:1077A0001F4803F00BFE00200BE02546067B4368D4
:1077B0000EB1032E06D15B1A00F1100293420AD2D9
:1077C000012070BD013E012E10D800290BDA42893C
:1077D000AA42F5D35B1A436043892344438103895A
:1077E0001C440481DFE7002AF4D1E9E740F2772264
:1077F000094B0C490CE00029D5D08CB2D5DA43896D
:107800006542ADB2AB42D1D240F24722024B0649AB
:10781000034803F0D3FDD3E7B44C01086E4E0108D2
:10782000173401083A4D01081C4D010870B50428B1
:10783000049C0BD8104D285CBDF81450033020F088
:1078400003000E18AE4209D9002070BD40F2C512E7
:107850000A4B0B490B4803F0B1FDF5E700251D600D
:1078600004B1044402201A73012258735C60184664
:1078700019815981DA81E8E754CD0008B44C010838
:10788000484D0108173401080022FFF783BF012289
:10789000FFF780BF2DE9F047044650B940F2D222ED
:1078A0002B4B2C492C4803F089FD25462846BDE882
:1078B000F087037B032B06D94FF43772244B2749FB
:1078C000254803F07BFD0025DFF88480DFF89090E9
:1078D000DFF884A003F03EFCE389074633B9434652
:1078E00040F2EB224946504603F068FDE6893846EF
:1078F000013EB6B2E68103F039FC002ED6D1627BA0
:1079000026689207237B11D5236933B940F2F92207
:107910000F4B1449104803F051FD20462369984746
:107920000135EDB2002EC1D03446D3E7032B04D18C
:1079300021460C20FFF76AFEF2E7013B012B02D83B
:1079400021460B20F6E72046FFF71AFCE8E700BFC8
:10795000B44C01086E4E0108173401086C4D010843
:10796000814D0108974D010804282DE9F84F0E4676
:10797000174618D85B4B022A1D5C0DD8002A00F070
:1079800094800B20FFF726FE0446C8B10023068131
:10799000436046810360A2E0032A0CD04FF4C67214
:1079A000514B524903E04FF48B724F4B50495148B1
:1079B00003F004FD04E00C20FFF70CFE044618B9A8
:1079C00000242046BDE8F88F0023036043190335E7
:1079D00025F00305C5F5BE650435B54228BF35461B
:1079E000133323F003030773436000F204672B444F
:1079F0009F420681458106D24FF497723A4B3E4929
:107A00003C4803F0DBFC0123A346E3816389DFF8F4
:107A1000D880DFF8E8A0DFF8DC90F61A002E04DC4E
:107A20000123E38100236373CBE70C20FFF7D2FD32
:107A3000054618B92046FFF72DFFC1E703238381D0
:107A4000002303604FF6FF739E42CBF8000006D17F
:107A500043464FF4A6725146484603F0AFFC40F24D
:107A6000F452B3B293422B8128BF13466B8105F1C8
:107A700010036B609B0706D0434640F25112484604
:107A80001F4903F09BFC6289636813449F4206D23E
:107A9000434640F253124846174903F08FFC012336
:107AA000EB816B89AB46F61AB8E705F11300CB1CE6
:107AB00023F0030320F00300184480B29842FFF43F
:107AC0007FAFFFF797FC044600283FF479AF0544E9
:107AD000133525F00305456006814681076027734D
:107AE0009EE700BF54CD0008B44C0108454E010884
:107AF000B84D010817340108D34D0108044E0108A0
:107B0000184E01082DE9F0470E46044630B940F200
:107B1000F312284B2849294803F050FC237B032B00
:107B200006D94FF4FA72234B2549244803F046FC4A
:107B30002789B7423BD93546DFF87880DFF884A043
:107B4000DFF878906289AA4218D3237B3BBBAA4214
:107B500025D0637B9B0722D461682046091B2944FA
:107B600089B2FFF7B7FB0446C8B940F21D22114B9A
:107B70001549124803F022FC6481FFDEAA1A95B26F
:107B80002289F31B134423812468002CDAD1434655
:107B900040F20F225146484603F010FCD2E720681D
:107BA0006581258108B1FFF775FE00232360BDE8DC
:107BB000F08700BFB44C0108604E0108173401087B
:107BC000784E0108934E0108AB4E010800235A1C61
:107BD00008B998B2704713460068F8E710B5044634
:107BE00088B103F0B7FAE3890133E38103F0BEFA09
:107BF000E38943B9BDE8104040F23932024B0349F2
:107C0000034803F0DBBB10BDB44C0108C74E0108AC
:107C10001734010870B50D46044600B161B9BDE8DE
:107C200070404FF45372134B1349144803F0C6BB12
:107C300029890B442381144622682389002AF7D11D
:107C400062899A420FD00B4B40F255320C490B48D7
:107C500003F0B4FB236833B140F25632054B0949B7
:107C6000064803F0ABFB2A8923892560134423814E
:107C700070BD00BFB44C0108D94E0108173401088B
:107C80000E4F01083B4F010810B50C46FFF7C2FF2D
:107C90002046BDE81040FFF7A1BF00002DE9F84FD6
:107CA0000C46054620B119B102890B899A420AD2C5
:107CB0004FF46F72354B3649364803F07FFB6FF057
:107CC0000F00BDE8F88F4FF0000B5F46DFF8BC8077
:107CD000DFF8C4A0DFF8BC906E896389F61BA3EBC4
:107CE0000B039E4268686168ACBF9EB2B6B2324672
:107CF0005944384403F08BFC37446B89BFB25E446F
:107D0000BB421FFA86FB06D2434640F2CD325146B3
:107D1000484603F053FB63895B4506D2434640F275
:107D2000CE3248461D4903F049FB63895B456B89A8
:107D30009CBF4FF0000B2468BB4208D12D682DB9C1
:107D400014B34FF47672114B1549B5E700277CB197
:107D5000628923899A420BD123684BB140F2DD320C
:107D60000A4B10490B4803F029FB6FF00500A8E708
:107D70006A892B899A4205D12B681BB140F2E23205
:107D8000024BEEE7002CA7D120469AE7B44C01083D
:107D9000824F010817340108B24F0108C94F01088A
:107DA000E44F0108F14F01082DE9F0410F469046DC
:107DB000054650B940F2FE32184B1949194803F0F4
:107DC000FDFA00263046BDE8F08121BB40F2FF32CB
:107DD000124B1549F2E76C8953B1A34208D31B1B20
:107DE0009BB22D68B8F1000FECD0002DF3D1E9E77C
:107DF000E41AA4B2444528BF44466968224619449F
:107E0000B8192644A8EB040403F001FCB6B2002321
:107E10001FFA84F8E5E70026E4E700BFB44C010848
:107E20001B500108173401083A500108F0B54FF40F
:107E300080404FF6FF76114C2388B34208BF4FF4C1
:107E400040434FF0000218BF01330D4D18BF9BB2E5
:107E500055F8041B096829B90132D2B2042AF7D1B6
:107E6000184606E0CF8A9F4205D1013880B200282B
:107E7000E3D12380F0BDC968EDE700BF24000020F6
:107E80005CCD000810B5044630B940F24D12124BDB
:107E90001249134803F092FA237D042B03D0072BD9
:107EA0000CD0032B08D1204602F03AFA60B9052322
:107EB0002046237502F08AFA002010BD204602F009
:107EC0002FFA08B90923F3E7431CF6D1A37E43F048
:107ED0000803A376F0E700BFEE50010855510108F2
:107EE0001734010870470000F8B51E4B04460029FE
:107EF00014BF0D461D4640B1037D4BB14FF41172C6
:107F0000194B1A491A4803F059FA6FF00500F8BDE9
:107F100032B9FFF78BFF024650B96FF00100F6E768
:107F2000144850F8041B096871B90133042BF8D1C7
:107F30002B6803B12360104BE2821A681C60E26078
:107F400002F054FD0020E2E7CE8A964205D10F6888
:107F50002FB12E681EB1B74201D0C968E4E76FF0B7
:107F60000700D4E780CC0008EE50010861510108F9
:107F7000173401085CCD00087C0A0120F8B5037DA8
:107F8000054616466BB1234B4FF42D722249234808
:107F900003F014FA00246FF00E0306B1337020468C
:107FA000F8BD0220FFF716FB044600282ED0012260
:107FB0002B691B4F0361EB8A0275C3826A7D427590
:107FC0002A7A0272AA7A82726A7A42722A680260F5
:107FD00033B13B68AB4211D1EB683B600023EB60EF
:107FE00029460120FFF712FB0E4BA3617B687C60E2
:107FF000E36002F0FBFC0023CFE71346002BEDD03B
:10800000DA68AA42F9D1EA68DA60E7E74FF0FF33AD
:10801000C3E700BFEE500108895101081734010879
:108020007C0A0120D3890008F8B5054640F2B45611
:10803000038DC16A426A6F8E581AB742104494BFCA
:10804000C41B841B002C0FDA531A002B0EDC8C1A75
:10805000B4F5803F06D34FF44272064B06490748F9
:1080600003F0ACF90020A3B26B85F8BD00231846DD
:10807000FAE700BFEE500108AB51010817340108C0
:1080800038B5037D0446012B0D4606D140F21F3260
:10809000174B1849184803F091F9238DE91840F659
:1080A000683389B29942218512D940F66833238515
:1080B0002046FFF7B9FF40F2D923984217DDA37E8F
:1080C000204643F00203A376BDE8384002F07EB9B3
:1080D0000029EDD1237D072BE7D0092BE5D040F215
:1080E0002D32034B0549044803F068F9E0E738BD39
:1080F000EE500108C551010817340108EB51010881
:1081000010B5044648B1406808B1FFF7C3FB2146EB
:10811000BDE810400320FFF779BA10BD10B500B9D3
:1081200010BD0468FFF7ECFF2046F8E700B10161DD
:108130007047000038B50D46044650B1037D012B51
:1081400006D140F2BB62034B0349044803F036F901
:10815000E56738BDEE5001080C52010817340108DC
:1081600038B50D46044650B1037D012B06D140F2CF
:10817000CC62034B0349044803F020F9A56738BDDE
:10818000EE500108335201081734010838B50D4686
:10819000044658B1037D012B06D14FF4DC62044B39
:1081A0000449054803F00AF9C4F8885038BD00BFF7
:1081B000EE5001085A5201081734010818B1037D26
:1081C000012B08BF8161704770B5037D0446012B08
:1081D0000E46154606D140F20372044B0449054889
:1081E00003F0ECF82577C4F8846070BDEE50010808
:1081F000805201081734010810B5037D0446012B95
:1082000015D90A2B13D0006F18B1FFF743FB0023D9
:1082100023674FF6FF73A06E2386FFF77FFFE06EA4
:10822000FFF77CFF0023C4E91A33A4F8643010BDC3
:108230002DE9F74FB14DB24EEB68B24F0133EB6011
:108240002B7C01332B744FF00008AC685CB96E696D
:10825000AB4FDFF8B482DFF8AC92002E40F06481BF
:1082600003B0BDE8F08F237D33B933464FF47C7201
:108270003846A64903F0A2F8237D012B06D13346E8
:1082800040F2F1323846A24903F098F8237D0A2BD8
:1082900006D1334640F2F23238469E4903F08EF85A
:1082A0002B7C627F9A4201D1E468CFE7227D94F86B
:1082B0004210022A637773D1052900F2BA8094F83C
:1082C000910000287FD0944B0344DA7B94F89030DF
:1082D000934267D3204602F0DCFA002869D04FF0C1
:1082E0000009237D062B0BD1A27ED10608D5EA68B2
:1082F000216A521A282A84BF09F101095FFA89F913
:10830000227A120705D5042B00F09680072B00F087
:1083100093804FF0000A237D032B40F0BA80EB6876
:10832000226A9B1A282B03D8B9F1000F00F0C580F0
:108330002046D4F88890FFF75FFFAB68B8F1000FD4
:1083400000F0AF80A34206D140F289426C4B7349E2
:108350006C4803F033F8E368C8F80C30BAF1000F4A
:1083600009D0238B22460193E38A0093616AE06C73
:10837000231D02F0A3F9D4E903AB21460120FFF746
:1083800045F900236B74B9F1000F07D06FF00C01B1
:108390005846C8476B7C002B7FF455AF544655E7D1
:1083A0000B298AE70133DBB2934284F8903096D3ED
:1083B00090E794F8913084F89000062B8FD8013321
:1083C00084F891308BE7B4F93030002BA4BF01332F
:1083D0002386E36E002B82D0B4F93000B4F940302C
:1083E0009842FFF67CAF022A0BD0B4F93C20B4F9D6
:1083F0003E3003EBE203484A0A44D27D9340A4F89E
:1084000040300023B4F848202386B4F85C30618EF5
:10841000934228BF13464A005B0892B2934238BF8A
:1084200013462046A4F84A30A4F8481002F0A0F9F8
:1084300055E74FF0010954E74FF4FA70236AE968F1
:10844000C91AD4F88C3003F5242202F6B842B2FBE4
:10845000F0F2914206D909F101094FF0010A5FFAE1
:1084600089F958E794F89220DFF8B4C00CFB023386
:10847000B3FBF0F399427FF64CAF204602F0DFF9F0
:1084800000287FF446AF94F89230013384F892309C
:108490003FE7092B7FF448AFEB68226A9B1AF02B69
:1084A00041E7A34206D0334640F28D4238461D498B
:1084B00002F084FFE368AB6050E7E37E227F013384
:1084C000DBB29A42D4F80CA0E37601D9A04665E766
:1084D000D4F8843084F81B9085F811901BB920469D
:1084E00001F074FFF2E72146206998476B7C002B6E
:1084F0007FF4A9AE0028E9D1F1E700BF7C0A012092
:10850000EE50010817340108745301089E52010807
:10851000C8520108F25201085CCD00081F5301083F
:10852000F82401004A530108337D0A2B06D03B464C
:1085300040F2BD424146484602F040FFEB68326AD5
:108540009B1AF02B02D83446F66886E63046FFF7D1
:1085500053FE6B6994B1B34206D140F2CB420D4B4E
:108560000D490E4802F02AFFF368E360D6F80CA02C
:1085700031460120FFF74AF856466EE6B34206D070
:1085800040F2CF42034B0649044802F017FFF3685C
:108590006B61EBE7EE500108A353010817340108A3
:1085A000CA530108036810B58B420C4616D1CB683C
:1085B000036000232046E360FFF71EFE237D0A2BA5
:1085C00014D1A36E23BBE36EF3B140F25472144B8B
:1085D0001449154802F0F2FE16E01346002BE8D0CD
:1085E000DA68A242F9D1E268DA60E2E7012B0BD047
:1085F000A37EDA07E5D543F00203A376204601F017
:10860000E5FE237D012BDCD100232375E38210BD21
:1086100040F25372024B0549034802F0CFFED2E705
:10862000EE5001080854010817340108F0530108FE
:1086300037B50446037D002948D0042B01D0072B11
:1086400044D1226F22B940F66832218D91423DD04B
:10865000A37EDB0606D440F20F123E4B3E493F4854
:1086600002F0ACFE238B22460193E38A0093616AF9
:10867000231DE06C02F022F82046FFF7BDFD384BC9
:108680009A68A24213D1E2689A600022E260012255
:108690005A74227D042A12D10A2222755A695C6119
:1086A000E26002F0A3F9002003B030BD0A46002AC0
:1086B000EBD0D168A142F9D1E168D160E5E7294B5F
:1086C0001B68A34212D101F035FAECE7012B1BD055
:1086D000022B2FD0002B37D1E38A3BB1204A1368FD
:1086E000A34209D1E36813600023E360214601201F
:1086F000FEF78CFFD7E71346002BF5D0DA68A242CD
:10870000F9D1E268DA60EFE70020174951F8042F49
:1087100012684AB90133042BF8D121461348FFF7F8
:1087200041FF21460220E3E7556FAC4208BF506786
:10873000D268EEE70A4D214605F10800FFF732FF47
:10874000012021466874D3E7204603B0BDE83040DD
:10875000FFF798BBEE5001082154010817340108B7
:108760007C0A0120D00A01205CCD0008800A01208B
:10877000037D0121012B1EBF837E43F0100383760E
:10878000FFF756BF10B5084614463AB11189FFF7F6
:1087900077FC2046FFF77EF8002010BD002BFBD1B0
:1087A000BDE81040FFF7E4BFF8B50023066FC56FC2
:1087B000777B04460367DDB1014632460069A8476E
:1087C0000546E0B9BB0611D540F66832238DE66F49
:1087D00093421CBF0133238546B1002321461A462C
:1087E0002069B0470D3001D16FF00C052846F8BD67
:1087F00001462B4632462846FFF7C4FFE0E70D3519
:10880000F2D06FF004052667F0E70000F8B5002607
:10881000174D2B7C01332B74AC6804B9F8BD2B7C4D
:10882000627F9A4222D06377A37ED90709D543F0AD
:108830000203A376204601F0C9FDA37E23F00303C3
:10884000A376A37E1A0705D523F008032046A37656
:10885000FFF718FB236FE76833B120466E74FFF70C
:10886000A3FF6B7C002BD7D13C46D6E7E468D4E766
:108870007C0A012008B5FFF7C9FF064A137E0133C1
:10888000DBB21376DB0703D5BDE80840FFF7D0BCA9
:1088900008BD00BF7C0A012038B5037D0446012BCA
:1088A000154617D081B1837E43F01003837622B141
:1088B0000121BDE83840FFF7BBBE006F10B1FEF7E5
:1088C000E9FF2567002038BD002AFBD0042B04D81F
:1088D000022B04D86FF00A00F5E7072BFAD100212C
:1088E0002046E6E72DE9F74F037D0446012B0E46AF
:1088F00006D140F2DF12304B3049314802F05EFDC4
:10890000237D0A2B0AD121462E48FFF74BFE214634
:10891000012003B0BDE8F04FFEF778BED4F84C90CC
:10892000D4F824A0D4F88870D4F81080E58A002BFD
:1089300033D105BB00252E46E06E08B1FFF7EEFBF4
:10894000A06E08B1FFF7EAFB46B1238B2246CDE9C2
:10895000005351464846231D01F0B0FE2146012038
:10896000FEF754FE27B36FF00C0140463B4603B0C0
:10897000BDE8F04F1847144A1368A34205D1E368D5
:1089800013600023E360D5E71346002BF9D0DA68C3
:10899000A242F9D1E268DA60F3E7DFF82CB02146B1
:1089A0000BF10800FFF7FEFD01238BF81130C3E740
:1089B00003B0BDE8F08F00BFEE5001083A54010843
:1089C00017340108900A01207C0A01200121FFF7D9
:1089D00089BF08B50846FFF7F9FF6FF00C0008BD26
:1089E00038B50446084600B938BD02682368C56832
:1089F0009A4201D1FFF7EAFF2846F4E7002230B49B
:108A0000044610460A4BD3E9021519B968B130BCC7
:108A1000FFF768BF0B7DA34205D10B6AEB1A9342A7
:108A200024BF1A460846C968EFE730BC704700BF4C
:108A30007C0A0120F8B505460120FEF7CBFD344C39
:108A4000034670BB6269E668002A4CD113B1184630
:108A5000FFF7BCFF0120FEF7BDFD034608BB092060
:108A6000FFF7CCFF0120FEF7B5FD0346C8B908208B
:108A7000FFF7C4FF0120FEF7ADFD034688B9D4E936
:108A8000022C7F2D28461E4628BF7F20002A32D187
:108A900013B11846FFF79AFF0120FEF79BFD03462E
:108AA000F8B194221846002102F00DFD41F2D06287
:108AB000A0F86020174A03468262FF2282720622D3
:108AC000A0F84020C287144A45750263E26802623A
:108AD000227C4277114A8264114AC267114AC0F867
:108AE0008C201846F8BD116A711A814224BF1346C2
:108AF0000846D268A8E7577D874207D8116AACEBD1
:108B00000101B14222BF38460E461346D268BDE786
:108B10007C0A0120680B680BFFFF18020100D016C9
:108B20008587000800DD6D004020FFF783BF00004F
:108B3000034B044A5868D26810445860704700BF1D
:108B4000240000207C0A012010B504460846FDF7E9
:108B500059FD30B1438D23B1283B9BB29C4228BFC5
:108B60001C46204610BD000070B50D46044670B18D
:108B7000036863B10B4EB168FFF732FF20463168DE
:108B8000FFF72EFF1DB12B680BB1736803B970BDE1
:108B900018682168DA68884204BF2968196013469A
:108BA000F4E700BF7C0A01202DE9F84F037D04465D
:108BB000032B06D84FF481627A4B7B497B4802F045
:108BC000FDFB7B4D2B792968DB0640F15281D4E90E
:108BD0001460771A002FB4F85C20AB680ADB8E4271
:108BE00002D1C61A002E05DB984218D1EE68F6892C
:108BF000964214D9EE68B4F85EC0F689C4E914133D
:108C0000B7B2BC4594F89110A4F85C6038BFA4F8E2
:108C10005E608FBB19B94FF48071A4F89010666C38
:108C2000991B002937DC298A89BBB4F85C10676D71
:108C30000244394491422AD1B4F93020002A26DB7B
:108C40009E4224D194F84330FF2B1CBF013384F89B
:108C5000433094F84330032B14D9B4F84820638E82
:108C600013449BB29A4201D2A4F848304D4FDFF82A
:108C70004481DFF83891EFE00029D0D0002184F85A
:108C80009110CCE7F2D1204601F0B5FDEEE70023CC
:108C900084F84330EAE7E26C9A1A002A7DDCA27E6F
:108CA000B4F93C10570742BF22F00402A276B4F890
:108CB0004A20636448BFA4F84820E28F237D02EB7A
:108CC000E102A4F840200022032BA4F842200FD98F
:108CD000B4F84820B4F84A10638E91429CBF5B43BD
:108CE000B3FBF2F313449BB29A4201D2A4F848308A
:108CF0002C4FDFF8C080DFF8B49042E0DB685868A2
:108D0000FEF7ADF9E36E82461E89DB689889FEF7AF
:108D1000A3F910F0030018BF0120AB68F61A5644FF
:108D20000644002E30DCE66EB4F862A0336870684A
:108D3000E366FEF74BFF824506D23B4640F29E4279
:108D40004146484602F03AFB7068FEF73FFFB4F830
:108D500062306A8A1B1AA4F86230338930461344A1
:108D60006B82FFF7CDF9B4F8623053B1E36E43B9CB
:108D7000A36E33B940F2A6420A4B0F490B4802F0EA
:108D80001DFBE36E002BB9D1E36EB3FA83F35B09ED
:108D90005B4223860023E37668E7204601F0E2FA8F
:108DA00064E700BFF55401085F5501081734010856
:108DB000980A012078550108A0550108DB68AE68C3
:108DC0005868FEF74CF9A36E8246B3F808B0DB682A
:108DD000A6EB0B069889FEF73FF910F0030018BFC9
:108DE0000120A6EB0A06361A002E38DBAB68E26CCF
:108DF0009B1A002B33DCA66E3368A3660BB9A4F86C
:108E000064307068B4F862A0FEF7E0FE824506D2D6
:108E10003B4640F2D5424146484602F0CFFA7068E0
:108E2000FEF7D4FEB4F862306A8A1B1AA4F86230E6
:108E30003389304613446B82FFF762F9B4F862302D
:108E400053B1E36E43B9A36E33B940F2DC42A84B91
:108E5000A849A94802F0B2FAA36E002BAED1B4F82B
:108E600060306A8A1344A4F86030636B002B40F0D2
:108E7000EA80288A2B68626A002800F02E81217D12
:108E8000062900F22A81A2EB0308B8F1010F00F1D4
:108E90001281C3F10101091A1144002900F30B8169
:108EA000AE69474636B940F23C52914B93499248DD
:108EB00002F084FA47F6FE73984506DD40F23D5213
:108EC0008B4B8F498C4802F079FAA8691FFA88F910
:108ED0004389434580F2E3800389434506DA40F243
:108EE0003F52834B8749844802F068FA0021AB69FE
:108EF0001B89A3EB09039BB27289BA42C0F2CA80F4
:108F00007942304609B2FEF7BFFC30B140F24C5214
:108F1000774B7D49784802F051FA2B68A98B626A39
:108F20000B449B1AAB832B6A2A605A602968626AD9
:108F30008B1A002BC0F2CC80208D4B1C9B1A1B1A65
:108F4000002B00F3C580914240F0C2802B6AAE8BAB
:108F50009889FEF781F810F0030018BF0120228DD8
:108F600033189BB29A422B823ED22B6A9889FEF725
:108F700073F8C6070DD52B6A9E893046FEF76CF84C
:108F800000F03E00FEF768F826F47C562B6A30436A
:108F90009881238DAB832B6A9889FEF75DF8800753
:108FA00048BFAB8BA86944BF03F1FF33AB83A98BE8
:108FB000FEF7A8FD2B6AAE8B9889FEF74DF810F0EE
:108FC000030018BF01202A6833189BB2616A2B8204
:108FD0001344228D0A44934206D040F27E52444B01
:108FE0004A49454802F0EAF92A8A2B681344636229
:108FF000238D934206D240F2B9523D4B44493E483C
:1090000002F0DCF9238D2A8A20469B1A2385FFF77C
:109010000BF8AB691A8912B16B620023AB612B6A42
:109020009889FEF719F8C10742BF95F8283043F038
:10903000200385F82830A37EDA0744D523F0010306
:1090400043F0020341E0A26BA968521A002ABFF65E
:1090500010AF304AB4F93C7016889BB2C7F3CF0109
:10906000F21A521A10B20028BCBF9B1BC918B4F9DF
:109070003E30B8BF08B2A3EBA3033A44034412B294
:109080009BB2E38703EBE203A4F840300023A287FE
:109090006363EEE633817181BF1A36682CE7C9F14C
:1090A000000109B2FEF7F0FB00283FF436AF40F2B2
:1090B00051520F4B2DE79B1A002BBEBFA37E43F0EE
:1090C0000203A37632E743F00103A376BDE8F88FED
:1090D0002046BDE8F84F01F045B9991A002905DB93
:1090E00001339B1A228D9B1A002BEFDDA37EA7E78D
:1090F000F5540108A055010817340108C0550108AE
:10910000D0550108DF550108EF5501080256010846
:1091100039560108880A0120094A10B5138ED06A11
:10912000591C89B210B1548E9C4204D9D068118662
:109130000344187D10BD1B1BDBB2C05C1186F9E730
:10914000980A0120F8B51A4C0646A58E3DB30023B7
:1091500023861AE0FFF7E0FF042820D1238E013395
:10916000AB421CDAFFF7D8FF0702FFF7D5FFBFB20B
:1091700040EA070340F2B45140F2B3509BB25A1E8A
:1091800092B2824288BF0B467386238EAB4206D2D0
:10919000FFF7C2FF0128F8D00228DBD000B9F8BDE4
:1091A000FFF7BAFF0128FAD9238E023B0344CFE729
:1091B000980A012010B50D4B044693F8283013F09F
:1091C000100012D0A37EDB0606D4D4F888301BB181
:1091D0006FF00E012069984721460548FFF7E2F934
:1091E00001202146FEF712FA012010BD980A012045
:1091F000840A01202DE9F74F4368A14D0646EB6034
:109200004389132B40F2A081DFF87882D8F8001050
:10921000D8F81400FDF785FB0446002840F094813F
:10922000D8F8143003F0F003E02B00F08D81EB68E8
:109230009889FDF711FF810A01F0FC01132940F222
:10924000838133898B42C0F07F817289A1F114033D
:109250009BB28A42AB86EC6255D3304649426B865C
:10926000FEF712FBEC684FF000092088FDF7F4FED2
:109270002080EC68844F6088FDF7EEFE6080EC682B
:10928000DFF808A26068FDF7EAFE6060EC6828601D
:10929000A068FDF7E4FEA060EC68A860E089FDF737
:1092A000DBFEEB68E0819889FDF7D6FE00F03F0316
:1092B00010F0030018BF01202B7133893C6818445B
:1092C000DFF8CCB12882002C5BD1724BDFF8BC9167
:1092D0001C68DFF8C4A1DFF8B8B1002C40F0F080C2
:1092E0006E48EB680268D8F814C09146B9F1000FD7
:1092F00040F032819889FDF7AFFE430700F12481E9
:10930000EB6800F00ABC33682BB9B2225F4B6449AA
:109310005F4802F053F86FF013013046FEF7B4FADD
:1093200074893046614209B2B5F834906C86FEF714
:10933000ABFA3068A9EB04074389BFB2BB42C0F067
:1093400003814368A4EB09018CB209B2EB62FEF71A
:109350009BFA33891C44738934812BB1CF224B4B48
:1093600050494B4802F02AF8336832891B899A42E7
:109370003FF478AFD022454B4B49454802F01EF8E8
:1093800070E7237D2BB95346E2225846474902F045
:1093900015F8237D0A2B05D15346E322584644494C
:1093A00002F00CF8237D012B05D15346E4225846E8
:1093B000404902F003F8EA68218B13889942E36878
:1093C0005BD1E18A5288914257D16168D8F8102068
:1093D000914252D12168D8F8142091424DD1A34234
:1093E00040F08683EC22294B3349294801F0E6FFFF
:1093F000B9F1000F05D0E368C9F80C303B683C6058
:10940000E360E368A34205D1F422204B2B492048B6
:1094100001F0D4FF002332896B61AA83EA6885F8E2
:109420002830C5E908236B822B79AE61190742BF4A
:10943000737B43F001037373236F002B00F0F980FB
:109440002046FFF7B1F90D3007D0236F002B00F055
:10945000F0802B8A002B00F0EC80638D13B920463E
:1094600000F080FF0024A869AC636C6210B1FEF7C5
:1094700011FAAC6103B0BDE8F08FA1461C4622E7AB
:10948000980A012010A50020840A0120F554010843
:1094900017340108900A012060570108800A012052
:1094A0005856010868560108745601089356010879
:1094B000BA560108E45601080B570108365701084F
:1094C000237D0A2B05D04B46FE225146584601F01B
:1094D00075FFEB68218B1A8891423BD15B88E08A4B
:1094E000984237D16268D8F810309A4232D1226857
:1094F000D8F814309A422DD12B795A0724D49F07DB
:10950000B5F810C011D52F68636AFB1A12D4228DEA
:109510009B1A002B0EDCA84BCDE900011A1D0CEBA9
:109520000701A86801F0CAF80EE0DD0742BFA34BAF
:109530001B682362BCF1000F06D0A37E43F0020338
:10954000A376204600F042FF304603B0BDE8F04F5E
:10955000FEF7A0B9E468C0E6B9F816E059888E4570
:1095600007D1D9F80010614500F0C782002900F04A
:10957000C4824C46D9F80C90B8E69007E4D599F827
:109580001500FFF757FA044650B9D9F81830002BE8
:10959000DAD001464FF0FF32D9F810009847D3E7F0
:1095A000D8F81430EA680360D8F810304360B9F88E
:1095B0001630C3821378527843EA022303830323CD
:1095C00003752B6801334362C362FFF7B1FA2B685E
:1095D0006065013B2365D9F81030E0646064A065E4
:1095E0002361C4F8749099F8083003F00C032372D7
:1095F0003B683C60E36001F0F9F90122704B2046C2
:109600001A70FFF79FFDEB68211DDB89608EA4F8BF
:109610005C30A4F85E30FFF797FA1221608620468E
:1096200000F0EEFD00288CD051462046FFF75AF995
:109630008AE72E79AC6372073BD5217D022922D1BE
:10964000E26CAB689A4209D195F8283043F00803E0
:1096500085F82830A37E23F00103A37695F82830FF
:10966000190740F1D581D4F888301BB16FF00D0196
:109670002069984721465348FEF794FF2146012070
:10968000FDF7C4FFEEE6626A2B689A4207D09B1A88
:10969000E4D4228D9B1A002BE0DCA37E11E000298C
:1096A000D2D140F2E722484B4849494801F086FEB2
:1096B000CAE716F00208A37E06D0227D023A012AEC
:1096C00002D943F00203C8E7DB0658BF3B4B2046F4
:1096D0005CBF1B682362002384F89230FFF732FDE1
:1096E000237D023B072BB9D8DFE813F00800980070
:1096F000FD0001014501FD005E017B0106F0120342
:10970000122B70D1626CAB6801329A426BD12B681C
:109710006264591CEA686162E162013BD289236597
:109720000423A4F85C20A4F85E202375E118608E61
:10973000FFF70AFA41F21C124300934238BF134666
:1097400060868000834228BF0346A4F84830B4F8FE
:10975000623033B940F21A321B4B1E491C4801F0EB
:109760002DFEB4F86230E66E013BA4F86230FEB91B
:10977000A66E36B940F22232134B1749144801F055
:109780001DFE3368A3663046FEF7BAFCE36E2BBBC2
:109790004FF6FF732386D4F88030002B3FF47DAF63
:1097A00000222146206998470D307FF476AF59E6B4
:1097B0003368E366E7E700BF20A50020880A0120A0
:1097C0008D0A0120840A0120F55401088D570108F3
:1097D00017340108AD570108C35701080023238639
:1097E00084F84230D7E7F7067FF538AFEB68288A70
:1097F0001A88296801925B8801440093984BA868F5
:109800001A1D00F05BFF94F84230052B3FF626AF9F
:1098100000232046238600F0ABFF1FE7F60654D551
:10982000636CA868DB43C34242D4E36CC31A002BC9
:109830003EDC04232375636F43B19B6933B94FF456
:109840005472884B8849894801F0B8FD636F1BB991
:109850002046FFF7BBF805E69B69002BF8D00022F5
:1098600021462069984718B10D303FF4FBADEFE772
:109870002046FFF799F96B8A0BB1013B6B8241F2ED
:109880001C11628E53008B4238BF0B4692009342EC
:1098900028BF1346A4F8483095F8283098067FF57D
:1098A000DDAEA37E43F00203A37607232375D5E63E
:1098B000EB682E8A1A88296801925B8831440093EC
:1098C000674B1A1D00F0FAFEC8E6B8F1000F3FF42E
:1098D000C5AE636A2A68013B93427FF4BFAE20465F
:1098E00000F060FFBAE62046FFF75EF9D4E72046B5
:1098F000FFF75AF995F828302A7913F0200F2CD069
:10990000A37ED10643F0020324D5E16CAA689142FC
:1099100020D1A26EF2B9A3762046FEF76DFC3B681B
:109920009C4209D1E3683B6008E0DA68944202D1C6
:10993000E268DA6002E01346002BF6D101224C4BBC
:109940001A700A2323754B4B1A681C60E26001F001
:109950004DF883E6A3760823A8E7D2067FF57EAE0E
:10996000E26CAB689A427FF479AEA36E002B7FF471
:1099700075AE06239AE72046FFF716F995F82830CA
:109980009B067FF56BAEA37E204643F00203A376D1
:10999000FEF732FC3B689C42C4D0002BCED0DA6884
:1099A0009442C5D01346F8E72046FFF7FDF82B791F
:1099B000DE067FF553AEE26CAB689A427FF44EAEA2
:1099C000A36E002B7FF44AAE2046FEF715FC3B68E1
:1099D0009C42A7D0002BB1D0DA689442A8D013469D
:1099E000F8E72046FFF7E0F82B79D8067FF536AE8A
:1099F000E16CAA6895F8283091427FF42FAEA26EF0
:109A0000002A7FF42BAE43F0100385F8283025E6BA
:109A10006A8A1AB1A36FE3B900236B822046FFF76D
:109A2000C9FB00287FF41EAD6B6A002B32D0236F78
:109A300033B14FF4D2720B4B0F490C4801F0BEFC0E
:109A4000A37E6A6A13F0100318D01046FDF722FFB8
:109A5000FEE62146206998470D30DDD102E500BFC2
:109A600020A50020F5540108D65701081734010835
:109A70008D0A0120900A0120F4570108E66FFEB11B
:109A800021462069B04710F10D0F3FF4EBAC08B14F
:109A90006B6A236795F828309A0605D5236FABB11A
:109AA0005A7B42F020025A7300232046AB63FFF733
:109AB00081FB00287FF4D6AC204600F087FCD1E47F
:109AC000334621463046FEF75DFEDCE740F668325D
:109AD000238DE66F93421CBF01332385002EE3D014
:109AE000002321461A462069B0470D30DCD1B9E485
:109AF000B9F1000F7FF47FAC8CE434B1D9F80C10CD
:109B0000C0F80090E160C9F80C202A7954073FF5AD
:109B10001BAD12F0100A3FF430AD1A88288A29686C
:109B200001925B8801440093014B1A1DF9E400BFC8
:109B300020A50020034A92F8283043F0100382F851
:109B400028307047980A012070B50C4694421E4692
:109B50009DF81810049B28D29DF81450AD0707D427
:109B60009D7E6D0621D419B1996E09B9DB6EE3B102
:109B700004F2B75121F00301914228BF114689B286
:109B80000022FDF7F1FE054668B1036833B14FF4DA
:109B90008872074B0749084801F010FC6B891B1BB2
:109BA00033802C816C81284670BD2146E8E700BFD8
:109BB0000E58010879580108173401082DE9F84FAB
:109BC000804603209DF828A00E4617469946FDF7CB
:109BD00001FD4FEA8A0B04465FFA8BF530B9304637
:109BE000FDF758FE00242046BDE8F88F002380F8DA
:109BF0000AA0C0E9003633891FFA8BFA5B4505D20B
:109C0000BA221F4B1F49204801F0D8FB3389304648
:109C1000A3EB0A0314212381FDF736FE064618B193
:109C20002046FEF76DFADDE76368B8F81600D3F852
:109C300004A0AD02C4F80CA0FDF70EFAAAF80000CB
:109C4000B8F81800D4F80CA0FDF706FAAAF802003C
:109C50004846D4F80C80FDF702FA05F5A04505F456
:109C60007045C8F8040045EA0700D4F80C80FDF7F9
:109C7000F3F9E368A8F80C009E74DE74B3E700BF44
:109C80000E5801088D580108173401081431F8B531
:109C900089B20546174601200022FDF765FE0646FB
:109CA00040B34389132B05D87222134B1349144830
:109CB00001F084FBE88A7468FDF7CEF92080288BD8
:109CC000FDF7CAF967606080686AFDF7C8F9A060AF
:109CD00045F21000FDF7C0F9A081688DFDF7BCF9D1
:109CE00000236A8D23746374A374E3746B6AE08148
:109CF0001344EB623046F8BD0E580108A258010823
:109D0000173401082DE9F04F91B00A930023ADF804
:109D10003E30B0F85E309246428E5B08934228BFD8
:109D20001346002B08BF13460446CDE9073159B945
:109D300040F291129E4B9F499F4801F03FFB6FF00C
:109D40000F0011B0BDE8F08F237D9A1E022A02D9C0
:109D5000072B40F03F82BAF1000F1AD0B4F8603000
:109D6000534506D2A37E63F07F03A3764FF0FF3006
:109D7000E7E7B4F86220072AF4D8E36E02B343B9E8
:109D8000A36E33B940F25512894B8C498A4801F0D1
:109D900015FBB4F86230A56E0693DDB9B4F86460C3
:109DA000002E00F0B0814FF40972814B8449824843
:109DB00001F004FBA846A9462F462E460595A0E0D3
:109DC00013B9A36E002BE4D04FF4AC72784B7D49ED
:109DD000DCE7059D2B68A8460593002BF9D1AF7AE7
:109DE0002B89BF00079A07F004073B449A4206DA22
:109DF00040F2C7126E4B74496F4801F0DFFA2E89AA
:109E0000079BB4F864909E1BF61BB6B2ADF83E906B
:109E1000B9F1000F5AD0B14506D940F2D912644BBE
:109E20006A49654801F0CAFAD1454F4628BF5746EE
:109E3000B74228BF3746A9EB07091FFA89F3ADF8E7
:109E40003E30002B37D1F61BB6B2574580F0C581A6
:109E5000002E00F05581B8F80890B9F1000F00F01D
:109E60005081AAEB0709B145A8BFB1460A9B1FFA6A
:109E700089F5D9072DD5012302930A9B3246CDE9F6
:109E80000043294604200DF13E03FFF75DFE8346A3
:109E9000002800F09C81089B2A464068D91901F0EF
:109EA000B6FB5846FDF792FE069B4FF000090344AF
:109EB0009BB2069320E0BA4500F08F8140F2E11298
:109EC0003B4B43493C4801F079FABCE74D464F46CD
:109ED000BBE7D8F804B05B46DBF800B0BBF1000F7D
:109EE000F9D11A7B012A1DD15A895B681344089A5B
:109EF0009A4217D177B9A9467E194546B6B2CDF830
:109F000014B04FF0000B0A9BCDF82CB003F0010306
:109F10000C93C7E04FF40372254B2E49264801F0FD
:109F20004DFAE8E7012229460420FDF71DFD83468E
:109F3000002800F04C81089B3B444360B2E7079A3D
:109F4000AAEB06039BB2934228BF13469BB2099328
:109F50000C9B002B42D0BBFA8BF35B0902930A9B4C
:109F60000020CDE9004309990DF13E03FFF7ECFD18
:109F70000546002851D04389099A934206D24FF4EE
:109F800010720B4B14490C4801F018FADDE9083245
:109F90006868991901F03BFB2846FDF717FE069B00
:109FA00003449BB2082B06935FD9284633E000BFD9
:109FB0000E580108D058010817340108015901084A
:109FC000EB5901083B5901086D59010884590108F2
:109FD000A4590108C25901081A5A0108BDF83E30B7
:109FE00033B140F24B227F4B7F49804801F0E6F9C4
:109FF000012200200999FDF7B7FC70B1089A0D9075
:10A0000032444260002211461046FDF7ADFC0D9B24
:10A01000054630BB1846FDF73DFCA37E63F07F0389
:10A02000A376059B13B11846FDF734FCBBF1000F76
:10A0300002D05846FEF772F8B4F86230002B3FF4B5
:10A0400095AEE36E002B7FF491AEA36E002B7FF4F0
:10A050008DAE40F20132634B6549644801F0AEF9C0
:10A0600084E61946FDF7D6FD96E70022A36D294642
:10A07000204600923344FFF7A1FD05460028CCD0CE
:10A08000BBF1000F3AD00B9B33B940F28522554B00
:10A090005849564801F092F90B9B1D60099B0B959E
:10A0A00033449EB25645FFF44AAF3FB1D8F804603E
:10A0B00076BBB8F808303B44A8F80830BDF83E300D
:10A0C000A4F86430059B002B33D0B8F1000F06D103
:10A0D00040F2BA22434B4849444801F06FF90599D0
:10A0E000D8F80400FDF796FD059AB8F808301289F3
:10A0F0001344A8F80830C8F800B040E08346CDE724
:10A10000B1463E46FDE6B1463746B0460596F8E60E
:10A1100033893B44338133684BB9736870893A465D
:10A120001844089901F073FA73893B4473813668C7
:10A13000BEE7B9F1000F1DD0B8F1000F02D0D8F87A
:10A14000043033B94FF43072264B2C49274801F0C4
:10A1500035F9D8F804301A8919684A4492B21A813C
:10A1600031B95A894A445A81B8F808304B44C0E79B
:10A170000B46F0E7B8F1000FBDD1C4F868B0A36D8D
:10A180005344A365B4F86030A3EB0A03A4F860302D
:10A19000069BA4F8623053B1E36E43B9A36E33B9A2
:10A1A0004FF43B720F4B1249104801F007F90DB103
:10A1B000EB680BB90020C4E50A9A9207FAD408208C
:10A1C0009C89FCF749FFEB6804439C81F2E74FF060
:10A1D000000B22E76FF00A00B3E54FF0000BD94601
:10A1E00063E700BF0E580108585A010817340108E8
:10A1F000E45A0108665A0108775A0108AF5A010863
:10A200002DE9F74311F0030804460E4606D140F24B
:10A210001A323C4B3C493D4801F0D0F8B4F862306A
:10A22000072B0AD9F10708D44FF0FF30A37E43F083
:10A230008003A37603B0BDE8F0830022C6F3400795
:10A240004FEA870949461046FDF78EFB0546002870
:10A25000EAD043894B4506D24FF45072294B2C4922
:10A260002A4801F0ABF80097294632462046A36DF4
:10A27000FFF7A4FC05460028D6D0C3689A0706D08D
:10A2800040F249321F4B2349204801F097F82B89AF
:10A2900033B140F24A321B4B1F491C4801F08EF883
:10A2A000A36EDBB9A5660023A4F86430B8F1000FF3
:10A2B00002D0A36D0133A365F30742BFA37E43F031
:10A2C0002003A3766868FDF781FCB4F86230184477
:10A2D00080B2A4F8620038B90020ABE71A461B68C8
:10A2E000002BFBD11560DEE7E36E002BF4D1A36EEB
:10A2F000002BF1D14FF45B72024B0849034801F087
:10A300005DF8E9E70E580108025B010817340108FF
:10A31000575B0108905B0108A85B0108D25B01084C
:10A32000F8B5846E05464CB127462468002CFBD155
:10A33000FB689889FCF790FE430705D02846BDE8E6
:10A34000F8400121FFF75CBFFB6801209E89FCF704
:10A3500083FEFB6806439E81AB7E204643F02003CC
:10A36000AB76F8BD7FB50446C06CFCF778FE0021E3
:10A3700002462046FFF78AFC064640B96FF0010509
:10A38000A37E43F003032846A37604B070BD251DC9
:10A390002846FCF737F998B1062302900193637AB7
:10A3A0002A46009321463046A37AFCF7A9FA0546CF
:10A3B0003046FDF76FFAA37E2DB143F00303E2E7C9
:10A3C0006FF00305F4E703F0FC03DCE72DE9F04F41
:10A3D000037D0446012B85B006D14FF47B72A44B5C
:10A3E000A449A54800F0EAFFA44B1B68A34252D041
:10A3F000B4F85C30B4F84870A56E9F4228BF1F4681
:10A40000A37E990710D52DB9204605B0BDE8F04FC1
:10A41000FFF7A8BFEB685868FCF721FE2B89626C38
:10A420009B1A0344BB42EFD8E66E26B1334636682A
:10A43000002EFBD11E4604F104094846FCF7E2F861
:10A440008046002800F0378123680BB943682360F9
:10A45000CDB1EB685868FCF702FE2B89626C9B1A41
:10A460000344BB4269D9002F67D0B4F85C30BB42CB
:10A4700063D1E36E002B60D194F891301BB94FF497
:10A480008073A4F89030A36E0BB9A4F86430A37E57
:10A4900003F07F03A3760020E6E02B68A366237D0C
:10A4A000022B1EBFA37E23F00303A376EB6858683C
:10A4B000FCF7D5FDEB6883469889B5F808A0FCF752
:10A4C000CBFD10F0030318BF01230BEB0A0213446A
:10A4D000E26CB5F808A0D21A002AEA68B8BFE364B3
:10A4E0009089FCF7B9FD10F0030018BF012010EBB4
:10A4F0000A0F00F0DC8000232B60E36E13B9E566E1
:10A500002E4619E0EB685868FCF7A9FDF268824610
:10A510005068FCF7A4FDAAEB0003002B80F2C58075
:10A5200004F16C0ADAF80020002A40F0AD80DAF875
:10A5300000202A60CAF80050A56E002DA3D0EB6859
:10A540005868FCF78CFD2B89626C9B1A0344BB4254
:10A5500099D8EB689889FCF77FFD420706D540F251
:10A560004542434B4649444800F028FFE36EB3B1EF
:10A57000A27E12F0440F12D1A36E2BB1196871B9EB
:10A580001989638E99420AD2B4F860303BB1B4F8AD
:10A590006230072B03D812F0A00F3FF474AF237D75
:10A5A000022B09D0EB681020B3F80CA0FCF754FD87
:10A5B000EA684AEA000393816A68D5F80CA0D28958
:10A5C000012A7FF46AAF606AFCF749FDCAF8080007
:10A5D000608DD5F80CA0FCF73FFD628D636AAAF888
:10A5E0000E001344E362AB7ADB070CD5494640F218
:10A5F000B450D5F80CA0FEF7A7FA40F00170FCF7B4
:10A600002EFDCAF81400B4F93030002BBCBF002373
:10A610002386636B3BB91B4AEB6812686263586818
:10A62000FCF71DFDA0636868EA6843684189D31A96
:10A630009BB2C91A418101894260CB1A0381002370
:10A64000137453740623CDF808800193637A4A4645
:10A6500000932146A37AFCF753F900283FF41DAF7D
:10A66000A37E63F07F03A37605B0BDE8F08F00BF43
:10A670000E580108FA5B010817340108D00A0120BE
:10A68000205C0108880A0120D2685068FCF7E7FCCA
:10A69000E96883464868FCF7E2FCABEB0002002A5D
:10A6A000BFF645AFDAF800A03CE7356028E728465A
:10A6B000FDF726FD40E76FF00300D5E72DE9F04FE9
:10A6C000814685B00E4690461421002201201F4687
:10A6D000BDF838B0BDF83CA0FDF746F905460028A6
:10A6E0003CD04389132B06D840F24C521D4B1E49D7
:10A6F0001E4800F063FE58466C68FCF7ADFC2080F5
:10A700005046FCF7A9FC60804846FCF7A8FC606056
:10A710003046FCF7A4FCA06045F21400FCF79CFC5A
:10A720000B230026A3736823A081E37338462674A5
:10A730006674A674E674FBF765FF48B106230290C1
:10A74000CDE900633A46FF2341462846FCF7D8F896
:10A75000284605B0BDE8F04FFDF79CB805B0BDE850
:10A76000F08F00BF0E580108A258010817340108E5
:10A77000C26E10B4A2B1134619461B68002BFBD160
:10A78000846E0C60C0E91A2390F84230FF2B1CBF86
:10A79000013380F84230002310BC4363FFF716BE3C
:10A7A00010BC7047F8B5C56E0446ADB12B6800F11A
:10A7B0006806C366336883B933682B6035602B68DD
:10A7C0000BB9A4F8643094F84230FF2B1CBF01335E
:10A7D00084F8423000236363F8BDDB685868FCF7F7
:10A7E0003EFCEB6807465868FCF739FC3F1A002F1F
:10A7F000E2DA3668DEE738B5C36E0446F3B1857E2B
:10A8000015F004051AD1FFF7CDFFB4F85C10B4F8C9
:10A8100048302586994228BF1946638E4A10580051
:10A82000B0EB510F88BF024603441344A4F84830EC
:10A83000A37EA4F84A2043F00403A37638BD7FB575
:10A840000446C06C0138FCF70AFC00210246204691
:10A85000FFF71CFA0546C8B1261D3046FBF7D2FEAD
:10A8600088B100230622CDE9003202902146A37A66
:10A8700032462846FCF744F804462846FDF70AF815
:10A88000204604B070BD6FF00304F6E74FF0FF34CC
:10A89000F6E72DE9FF41C46E064614B9846E002C1C
:10A8A00041D0E3689889FCF7D7FB10F0010518BF89
:10A8B0002589E3681CBFB5FA85F56D0930465A68ED
:10A8C00085F00101FFF7E2F9074600283DD0D0F8F6
:10A8D000048065B31120B8F80C50FCF7BDFB25F4DB
:10A8E0007C55ADB20543A8F80C50E368341D586898
:10A8F000FCF7B5FBF36C01301B1A002BB8BFF064FA
:10A900002046FBF77FFEE8B100230622CDE90032A6
:10A910000290224631463846B37AFBF7F1FF0446EF
:10A920003846FCF7B7FF204604B0BDE8F081606808
:10A930002289038908F114019B1A9BB20122FDF7B9
:10A9400033FAD2E76FF00304EAE74FF0FF34EAE7A7
:10A950002DE9F04106460A2088461746FCF73AFEE4
:10A96000044638B9BDE8F041D4221C4B1C491D48AF
:10A9700000F024BDF6F708F81B4A15685DB92B46B0
:10A98000506000213344C4E90287216063602DB91F
:10A990001460BDE8F0815368C31AF2E76B68B342F4
:10A9A0000AD99B1B6B602560F2E75A68914204D27A
:10A9B000D21B02445A600DE02B46586867689C46DB
:10A9C0001B68391A6160002BEFD1B14202D96A6865
:10A9D000324462602360CCF80040DAE7375C01085B
:10A9E000A35C010817340108D40A0120084B9A68B7
:10A9F00062B9084A126812B9074A126832B10122D4
:10AA0000FA209A6005490022FFF7A2BF704700BFF5
:10AA1000D40A0120840A0120900A012021AA0008FA
:10AA200008B5FDF727FF084B1B6813B9074B1B68D8
:10AA300033B1BDE808400022FA200549FFF788BF7E
:10AA4000044A936008BD00BF840A0120900A0120D7
:10AA500021AA0008D40A012070B50124074D084E30
:10AA600055F8080F31462A460134FFF771FF052CCF
:10AA7000F6D1F5F789FF034B586070BDACCD0008E7
:10AA800089AA0008D40A012010B5044643689847F3
:10AA9000224620680249BDE81040FFF759BF00BFB9
:10AAA00089AA00082DE9F04705460E46214C224FA1
:10AAB00022682AB931462846BDE8F04700F09EBA20
:10AAC000F5F762FFD4E900325B68811A99420BD82E
:10AAD0001A44121A08D03146284600F08FFA013085
:10AAE00025D12368002BE3D0F5F74EFF6368A0EB78
:10AAF000030821680029DBD04B684345D8D8D1E949
:10AB0000029A6268A8EB03081A440B680A20626084
:10AB10002360FCF77BFDB9F1000FEAD0384600F066
:10AB200001FB5046C847384600F001FBE1E7BDE8AD
:10AB3000F08700BFD40A0120D8A30020704700008E
:10AB40002DE9F04F43890446072B894685B005D887
:10AB5000204605B0BDE8F04FFCF79CBE3D4E456871
:10AB600031687069FBF7DDFE07462888FCF774FA48
:10AB700080466888FCF770FAD6E904B10025DFF852
:10AB8000D8A00390DAF800E0284673462BB925BB1D
:10AB9000D9F804308B4220D0DAE75A8ADDF80CC0AD
:10ABA00062452CD11A6837B342B1B1F1FF3F05D0ED
:10ABB000D9F808C04A4012EA0C0F20D11A7C52077B
:10ABC00002D4002D08BF1D469A8A424517D15A6803
:10ABD0000AB15A4513D1A8B91D466FF007012046A6
:10ABE000FCF752FEA8B140F255121C4B1C491D48FF
:10ABF00000F0E4FBACE7002AE0D08A42DED0184641
:10AC0000DB68C3E7DA68CAF80030C260C3F80CE05A
:10AC1000E2E765B1AE69002E9AD0CDF800802246F9
:10AC20002946114BE869B04705B0BDE8F08F002F09
:10AC30008ED1736903F0F003E02B89D0B1892046EF
:10AC4000083109B2FCF723FE03212046FBF7D2FCB2
:10AC50007EE700BF10A50020E00A0120E05C0108AB
:10AC6000475D01081734010820A500202A4B2DE973
:10AC7000F041002914BF0F461F46002848D0274E38
:10AC80003468214661B98AB12346D7F800C0002B49
:10AC900031D13B6842820360002936D0002026E093
:10ACA000814201D0C968EDE70121ECE74FF4804211
:10ACB0004FF6FF7EDFF868C0BCF80030734508BF70
:10ACC0004FF4404325461CBF01339BB20DB91A46D1
:10ACD00007E0B5F8128098450BD1013A92B2002AEC
:10ACE000ECD1ACF80030002AD3D16FF00700BDE8FA
:10ACF000F081ED68EAE7834205D05D8A954202D192
:10AD00001D686545F1D0DB68C1E7C4603060C5E708
:10AD10006FF00500EBE700BF80CC0008E00A0120DF
:10AD20002C0000202DE9F0430F4690469946064638
:10AD300085B0002850D0002A4ED0428A002A33D055
:10AD400008213846FCF7A0FD002837D13D466B8925
:10AD5000072B06D840F2DB22224B2349234800F080
:10AD60002DFB708A6C68FCF777F920804846FCF769
:10AD700073F900236080A371E3712889FCF76CF9F3
:10AD80000C9BA080029311230193737A4246009397
:10AD90002846B37A0D99FBF739FDBD42044609D028
:10ADA0002846FCF777FD05E00146FFF75FFF044604
:10ADB0000028C5D0204605B0BDE8F0830022082158
:10ADC0000120FCF7D1FD054648B13B89002BBED0E0
:10ADD0003946FCF759FFBAE76FF00504EAE74FF090
:10ADE000FF34E7E7E05C01085B5D01081734010808
:10ADF00073B5069C90B18AB105681DB105F0F006E7
:10AE0000E02E06D1251DCDE90045FFF78BFF02B0EE
:10AE100070BD6668B54204D10546F4E76FF00500E1
:10AE2000F5E76FF00300F2E7C0E906127047000093
:10AE30000A4A01461368834204D1C36813600020A4
:10AE4000FCF7E4BB002BFAD01A46DB68002BF6D0E7
:10AE50008B42F9D1CB68D360F1E700BFE00A012053
:10AE600010B50020FCF7B6FB044628B120220021D3
:10AE700000F029FBFF23A372204610BDFFF7F0BFAF
:10AE800010B538B103682BB121B10B6813B1064B73
:10AE90001B6803B910BD1C680268944204BF0A68AD
:10AEA0001A60DB68F5E700BFE00A0120438970B54E
:10AEB0000E2B04460D4614D9406803788689D907BD
:10AEC0000AD5012B11D1437833B983785E2B03D196
:10AED000637B43F010036373082E10D0B6F5C16F87
:10AEE0001ED02046FCF7D6FC18E00622144900F0DC
:10AEF000DAFA0028F0D1637B43F00803EBE795F81A
:10AF000033301A07EDD56FF00D012046FCF7BCFC7D
:10AF10000028E6D129462046FBF7A0FB002070BDA3
:10AF200095F833301B07DCD56FF00D012046FCF798
:10AF3000ABFC0028D5D129462046FBF717F8EDE7F2
:10AF4000D4CD00082DE9F0410446BDF818000D46A7
:10AF500016461F46FCF780F80E2180462846FCF76F
:10AF600093FCE0B96968A1F80C803B680B60BB8872
:10AF70008B803368C1F80630B3884B8194F82C304D
:10AF8000062B06D040F22B12074B0849084800F068
:10AF900015FA29462046A369BDE8F04118476FF02D
:10AFA0000100BDE8F08100BF895D0108F65D010880
:10AFB00017340108042313B50446009168460021A4
:10AFC0000193F8F75EFB2060B0FA80F04009404240
:10AFD00002B010BD10B504460068F8F7C8FB206841
:10AFE000BDE81040F8F7CABB002208B50068F8F7C2
:10AFF0004CFB003818BF0120404208BDF0B585B0B9
:10B0000006460D461746F8F782FA044677B13A46E7
:10B01000316801A8F8F762FB019B102B0DD1029B50
:10B020002B60F8F774FA001B05B0F0BD4FF0FF324B
:10B03000316801A8F8F752FBF1E74FF0FF30F3E772
:10B040001FB50C460022016801A8F8F747FB019BD9
:10B05000102B09BF00204FF0FF30029B236004B08B
:10B0600010BD0068003818BF01207047002303603E
:10B070007047002337B505460C4601A8012101930E
:10B08000F8F7C0FA286038B114B1002003B030BD21
:10B090002146F8F7CCFAF8E74FF0FF30F6E770B545
:10B0A00005460E46F8F733FA044646B1314628689D
:10B0B000F8F7BDFA58B9F8F72AFA001B70BD4FF03F
:10B0C000FF312868F8F7B3FA0028F8D1F3E74FF01A
:10B0D000FF30F3E70068F8F7D0BA0068F8F7CFBAA6
:10B0E0000068003818BF01207047002303607047D4
:10B0F00008B50348F8F72FFA024B186008BD00BFE7
:10B10000E0CD0008E40A0120002313B5044601A89D
:10B110000193F8F720FA2060B0FA80F0400940422D
:10B1200002B010BD4FF0FF310068F8F717BA0068A1
:10B13000F8F73ABA7FB5CDE90101089901A8ADF851
:10B140000C100021CDE904131146F8F7E7F907B018
:10B150005DF804FB08B5044B4FF0FF311868F8F7B1
:10B16000FDF9012008BD00BFE40A0120014B186869
:10B17000F8F71ABAE40A012070B50E460446A8B1E1
:10B18000A1B10C4D30466968F5F722F840B9AB68BB
:10B190002360EB68E060C4E901332B7C237470BD4D
:10B1A0002D68002DEED16FF00500F8E76FF00F006D
:10B1B000F5E700BFE4CD000870470000164B10B55E
:10B1C0001C68236BB3B9182000F04EFA02462063C6
:10B1D00020B95221114B124800F028FA1149124BA4
:10B1E000C0E90013114B002183600B2383810120F0
:10B1F000C2E90401216B0E480B694C6958430D4AA2
:10B2000002FB0400A3FB0232013340EB0200C1E960
:10B21000043020F0004010BD3C000020275E0108F3
:10B220003E5E01080E33CDAB34126DE6ECDE050058
:10B230002DF451582D7F954C002310B50446C0E9DC
:10B240000033C0E90433836081814366C281836136
:10B25000194608225C3000F036F90D4B2462636217
:10B260000C4BA3620C4BE3620C4B23630C4B9C42D4
:10B2700006D003F16802944202D0D0339C4205D13B
:10B2800004F15800BDE8104000F0B6B910BD00BF91
:10B2900021B4000843B400087BB400089FB4000840
:10B2A000EC0A0120024A0349034800F069B800BFD4
:10B2B0003000002029C100084000002041680C4BEC
:10B2C00010B59942044601D000F02EFFA168094B49
:10B2D000994202D0204600F027FFE168064B9942D0
:10B2E00004D02046BDE8104000F01EBF10BD00BFD6
:10B2F000EC0A0120540B0120BC0B012010B50B4BB4
:10B300000B4C0C4A20461A6004210022FFF794FFE0
:10B3100004F1680001220921FFF78EFF04F1D0003B
:10B320000222BDE810401221FFF786BF240C012045
:10B33000EC0A0120A5B20008014800F05EB900BF88
:10B34000290C0120014800F059B900BF290C012047
:10B3500010B50446FFF7F0FF236A1BB1BDE81040AB
:10B36000FFF7F0BF044B2362044B1B68002BF5D1A1
:10B37000FFF7C4FFF2E700BFBDB20008240C0120B4
:10B380002DE9F8430746884614460026D4E901957E
:10B39000B9F1010905D52468002CF7D13046BDE884
:10B3A000F883AB89012B07D9B5F90E30013303D0EF
:10B3B00029463846C04706436835E9E70FB407B564
:10B3C000064904AB086853F8042B8168019300F028
:10B3D00081FB03B05DF804EB04B070473C00002033
:10B3E0000EB46FF0004100B59CB01DAB029006900A
:10B3F000079104910848094953F8042B0591006806
:10B4000002A9019300F042FA0022029B1A701CB0BC
:10B410005DF804EB03B070473C0000200802FFFF1A
:10B4200010B50C46B1F90E1000F098F80028ABBF2B
:10B43000636DA3891B1823F48053ACBF6365A3819C
:10B4400010BD2DE9F0411F468B890546DB050C46F2
:10B45000164605D502230022B1F90E1000F06CF853
:10B46000A389324623F48053A38128463B46B4F98E
:10B470000E10BDE8F04100F083B810B50C46B1F9EC
:10B480000E1000F059F8431CA38915BF606523F422
:10B49000805343F48053A38118BFA38110BDB1F939
:10B4A0000E1000F039B810B501390244904201D1B4
:10B4B000002005E0037811F8014FA34201D0181BCA
:10B4C00010BD0130F2E703460244934200D17047B9
:10B4D00003F8011BF9E7024610B514781346013250
:10B4E000002CFAD1013B11F8012B03F8012F002A9F
:10B4F000F9D110BD10B56AB10139841810F8012BCB
:10B5000011F8013F9A4203D1A04201D0002AF5D19F
:10B51000D01A10BD1046FCE738B50023054D04468F
:10B5200008462B60F5F74CF8431C02D12B6803B199
:10B53000236038BDE80A012038B5044608461146A4
:10B540000022054D2A601A46F5F744F8431C02D143
:10B550002B6803B1236038BDE80A012038B50446E2
:10B56000084611460022054D2A601A46F4F7F1FFFD
:10B57000431C02D12B6803B1236038BDE80A0120C7
:10B5800038B50446084611460022054D2A601A4681
:10B59000F4F7EDFF431C02D12B6803B1236038BDE3
:10B5A000E80A0120014B1868704700BF3C000020EA
:10B5B00070B500260C4D0D4C641BA410A64209D199
:10B5C00001F006F800260A4D0A4C641BA410A6429E
:10B5D00005D170BD55F8043B98470136EEE755F8A4
:10B5E000043B98470136F2E7105F0108105F01083D
:10B5F000105F0108145F01087047704770470346E9
:10B6000011F8012B03F8012B002AF9D170470A44E5
:10B61000914200F1FF3300D1704710B511F8014B92
:10B62000914203F8014FF9D110BD00001FB5144637
:10B630001A46094B05461B68D86854B9074B1C4687
:10B64000CDE9013400912B46054900F095FD00F04D
:10B6500071FE044BF4E700BF3C000020DF35010819
:10B66000A35E0108965E0108024B0146186800F0CF
:10B6700025B800BF3C00002070B50F4E0C46316865
:10B68000054611B900F038FE30602146284600F02A
:10B6900033FE431C03D14FF0FF34204670BDC41C61
:10B6A00024F00304A042F8D0211A284600F024FE1A
:10B6B0000130F2D1EFE700BF2C0C01202DE9F84357
:10B6C000CD1C25F0030508350C2D38BF0C25002DA9
:10B6D000064601DBA94204D90C2333600020BDE8F3
:10B6E000F883DFF8D48000F069F8D8F800301C4601
:10B6F00044BB29463046FFF7BFFF431C044658D1E0
:10B70000D8F800402746002F43D1002C4BD02368A7
:10B710003946304604EB030900F0EEFD814542D185
:10B72000216830466D1A2946FFF7A6FF01303AD04E
:10B7300023682B442360D8F800305A6862BBC8F8ED
:10B7400000700FE02268521B20D40B2A17D9611910
:10B75000A342256018BF5960636808BFC8F800108D
:10B7600062514B60304600F02FF804F10B00231DAE
:10B7700020F00700C21A1CBF1B1AA350AFE7626873
:10B78000A3420CBFC8F800205A60EBE72346646868
:10B79000AEE73C467F68B6E71A465B68A342FBD13A
:10B7A00000235360DEE70C233046336000F00CF8D2
:10B7B00094E70560D6E700BF300C01200148FFF791
:10B7C0001CBF00BF280C01200148FFF717BF00BFB6
:10B7D000280C01202DE9F0471F468E688246BE42A4
:10B7E0000C4690460B682DD8B1F90C2012F4906FDE
:10B7F00026D06569096905EB4505A3EB010905EB51
:10B80000D5757B1C4B446D109D4238BF1D465305BA
:10B8100027D52946FFF752FF064660B34A462169FD
:10B82000FFF7F5FEA38923F4906343F08003A3811F
:10B8300026614E4426603E466561A5EB0905A5607C
:10B84000BE4200D93E4632464146206800F03AFDED
:10B850000020A3689B1BA360236833442360BDE8DA
:10B86000F0872A4600F0B6FD06460028E0D1504693
:10B87000216900F067FD0C23CAF80030A3894FF05E
:10B88000FF3043F04003A381E9E700002DE9F04FCA
:10B8900098468B8907461B060D4614469DB010D569
:10B8A0000B6973B94021FFF709FF2860286130B99F
:10B8B0000C233B604FF0FF301DB0BDE8F08F4023FC
:10B8C0006B610023099320238DF8293030234FF03A
:10B8D0000109CDF80C80DFF898818DF82A302346D5
:10B8E0009A4613F8012B0AB1252AF9D1BAEB040BB9
:10B8F0000BD05B46224629463846FFF76BFF0130E6
:10B9000000F0A780099A5A4409929AF80030002B57
:10B9100000F09F8000234FF0FF32CDE905230AF1AC
:10B92000010A049307938DF853301A935446052265
:10B9300014F8011B4E4800F0EFFC049AD8B9D00669
:10B9400044BF20238DF85330110744BF2B238DF8BB
:10B9500053309AF800302A2B15D0544600204FF06F
:10B960000A0C079A214611F8013B303B092B4BD9B1
:10B97000B0B1079214E0A0EB080309FA03F31343F4
:10B98000A2460493D2E7039B191D1B680391002B69
:10B99000BBBF5B4242F0020207930793B8BF049219
:10B9A00023782E2B0AD163782A2B32D1039B0234C1
:10B9B0001A1D1B68039243EAE3730593DFF8B4A0F2
:10B9C00003225046217800F0A7FC38B14022049BA6
:10B9D000A0EB0A00824013430134049314F8011BC6
:10B9E000062225488DF8281000F096FC002836D055
:10B9F000224B1BBB039B073323F00703083303933E
:10BA0000099B334409936AE70C4601200CFB023280
:10BA1000A8E700234FF00A0C19460134059320468D
:10BA200010F8012B303A092A03D9002BC6D0059112
:10BA3000C4E7044601230CFB0121F0E703AB0093AC
:10BA40002A4638460E4B04A9AFF30080421C064636
:10BA5000D6D1AB895B063FF52DAF09982CE703AB38
:10BA600000932A463846064B04A900F0BDF9EDE7DD
:10BA7000D25E0108D85E0108DC5E0108000000000B
:10BA8000D5B70008936810B4013B002B936007DA28
:10BA90009469A34201DB0A2902D110BC00F07EBBED
:10BAA0001368581C10601970084610BC7047F8B530
:10BAB00006460F461446D518AC4201D1002007E0D7
:10BAC0003A46304614F8011BFFF7DCFF431CF3D164
:10BAD000F8BD00002DE9F04F0D4614469846064685
:10BAE0009DB018B1036A0BB9FFF732FC6B6ED90732
:10BAF00005D4AB899A0502D4A86DFFF77EFDAB890A
:10BB00001B0701D52B699BB92946304600F084FB01
:10BB100070B16B6EDC0704D54FF0FF301DB0BDE88F
:10BB2000F08FAB899805F7D4A86DFFF767FDF3E7B1
:10BB30000023099320238DF8293030234FF0010989
:10BB4000CDF80C80DFF8A8818DF82A3023469A467C
:10BB500013F8012B0AB1252AF9D1BAEB040B0BD04B
:10BB60005B46224629463046FFF7A1FF013000F030
:10BB7000A780099A5A4409929AF80030002B00F0E5
:10BB80009F8000234FF0FF32CDE905230AF1010A1F
:10BB9000049307938DF853301A935446052214F8F2
:10BBA000011B534800F0B8FB049AD8B9D10644BF32
:10BBB00020238DF85330130744BF2B238DF85330C7
:10BBC0009AF800302A2B15D0544600204FF00A0C6A
:10BBD000079A214611F8013B303B092B4BD9B0B1F4
:10BBE000079214E0A0EB080309FA03F31343A246FB
:10BBF0000493D2E7039B191D1B680391002BBBBF65
:10BC00005B4242F0020207930793B8BF0492237885
:10BC10002E2B0AD163782A2B32D1039B02341A1DB2
:10BC20001B68039243EAE3730593DFF8C8A003227D
:10BC30005046217800F070FB38B14022049BA0EB05
:10BC40000A00824013430134049314F8011B0622B6
:10BC500029488DF8281000F05FFB00283FD0274BC3
:10BC60001BBB039B073323F0070308330393099B94
:10BC70003B4409936AE70C4601200CFB0232A8E71B
:10BC800000234FF00A0C194601340593204610F8A2
:10BC9000012B303A092A03D9002BC6D00591C4E7FD
:10BCA000044601230CFB0121F0E703AB00932A4675
:10BCB0003046134B04A9AFF300800746781CD6D159
:10BCC0006B6ED90705D4AB899A0502D4A86DFFF72E
:10BCD00095FCAB895B063FF51FAF09981EE703ABE8
:10BCE00000932A463046064B04A900F07DF8E4E7AD
:10BCF000D25E0108D85E0108DC5E01080000000089
:10BD0000AFBA00082DE9F047164698468A680B69D5
:10BD100007469342B8BF1346336091F843200C4660
:10BD2000DDF820900AB1013333602368990642BFE1
:10BD3000336802333360256815F0060506D104F137
:10BD4000190AE36832689B1AAB422BDC94F8433043
:10BD50002268003B18BF0123920630D44146384682
:10BD600004F14302C847013023D02368226903F05D
:10BD70000603042B14BF002533684FF0000608BFEC
:10BD8000E56804F11A0408BFED1A54F8123C08BF24
:10BD900025EAE5759342C4BF9B1AED18B5421AD146
:10BDA000002008E00123524641463846C84701308A
:10BDB00003D14FF0FF30BDE8F0870135C1E73020F7
:10BDC000E11881F843005A1C94F8451022440233CC
:10BDD00082F84310C2E70123224641463846C8474D
:10BDE0000130E6D00136D9E72DE9FF470F7E9146B5
:10BDF000782F80460C469A460C9E01F1430207D8E4
:10BE0000622F0AD8002F00F0D380582F00F0BA809C
:10BE100004F1420684F842703AE0A7F16303152B5F
:10BE2000F6D801A151F823F081BE000895BE0008A4
:10BE300011BE000811BE000811BE000811BE0008A6
:10BE400095BE000811BE000811BE000811BE000812
:10BE500011BE000897BF0008BFBE000851BF000810
:10BE600011BE000811BE0008B9BF000811BE0008CD
:10BE7000BFBE000811BE000811BE000859BF00086F
:10BE800033681A1D1B68326004F1420684F84230A0
:10BE900001239EE033682068191D3160060601D534
:10BEA0001D6803E04506FBD5B3F90050002D03DA09
:10BEB0002D236D4284F843300A23594811E021684C
:10BEC0003368080653F8045B02D4490648BFADB294
:10BED0006F2F336014BF0A2308235148002184F8D0
:10BEE00043106668002EA8BF2168A660A4BF21F099
:10BEF000040121600DB9002E4BD01646B5FBF3F1BD
:10BF000003FB1157C75D06F8017D2F46BB420D4666
:10BF1000F4D9082B0BD12368DF0708D523696168A2
:10BF20009942DEBF302306F8013C06F1FF36921B32
:10BF300022614B4621464046CDF800A003AAFFF7F8
:10BF4000E1FE01304AD14FF0FF3004B0BDE8F08788
:10BF5000236843F0200323607827324884F8457033
:10BF6000236831681F0651F8045B02D45F0648BF9E
:10BF7000ADB23160D90744BF43F0200323601DB147
:10BF80001023ABE72648E9E7236823F0200323606A
:10BF9000F6E71646BDE733682568181D616930600D
:10BFA0002E061B6801D5196002E06806FBD51980D2
:10BFB000002316462361BCE7336800211A1D326056
:10BFC0001E686268304600F0A7F908B1801B606007
:10BFD00063682361002384F84330AAE73246494668
:10BFE00040462369D0470130ADD023689B0713D466
:10BFF000E068039B9842B8BF1846A6E70123324683
:10C0000049464046D04701309DD00135E368039949
:10C010005B1AAB42F2DCEBE7002504F11906F5E709
:10C02000E35E0108F45E0108B1F90C20F8B51607CB
:10C0300005460C4654D44B68002B02DC0B6C002BDD
:10C0400048DDE66A002E45D0002312F480522F68A6
:10C05000216A2B6030D0626DA389590705D56368CA
:10C06000D21A636B0BB1236CD21A00232846E66AFE
:10C07000216AB047431CA38906D129681D292BD802
:10C08000284A0A41D60727D4002262602269D904CF
:10C09000226004D5421C01D12B6803B96065616B35
:10C0A0002F60B9B104F14403994202D0284600F050
:10C0B00049F9002363630DE001232846B047024697
:10C0C000501CC9D12B68002BC6D01D2B01D0162BBC
:10C0D0001DD12F60002021E043F040031BB21AE085
:10C0E0000F69002FF6D0930718BF00230E6808BF12
:10C0F0004B69F61B0F608B60002EEBDD33463A4632
:10C100002846216AD4F828C0E047002807DCB4F9A3
:10C110000C3043F040034FF0FF30A381F8BD0744DB
:10C12000361AE9E7FEFFBFDF38B50B6905460C4656
:10C1300013B90025284638BD18B1036A0BB9FFF7BB
:10C1400007F9B4F90C30002BF3D0626ED00704D499
:10C15000990502D4A06DFFF750FA28462146FFF753
:10C1600063FF636E0546DA07E4D4A3899B05E1D437
:10C17000A06DFFF743FADDE70EB403B5014603AB4C
:10C18000054853F8042B00680193FFF7A3FC02B0A5
:10C190005DF804EB03B070473C000020F8B50E4694
:10C1A0001446054618B1036A0BB9FFF7D1F8A36925
:10C1B000A360A3891A0701D5236943B921462846FC
:10C1C00000F02AF818B14FF0FF373846F8BD236861
:10C1D0002269F6B2981A63693746834205DC214624
:10C1E0002846FFF7A1FF0028EDD1A368013BA3601B
:10C1F00023685A1C22601E706269431C9A4204D054
:10C20000A389DB07E1D50A2EDFD121462846FFF7B7
:10C210008BFF0028D9D0D6E738B5294B05461868DA
:10C220000C4618B1036A0BB9FFF792F8B4F90C3059
:10C23000190722D4DA0607D409222A6043F0400302
:10C240004FF0FF30A38133E0580712D5616B41B145
:10C2500004F14403994202D0284600F073F8002309
:10C260006363A38923F02403A3810023636023690C
:10C270002360A38943F00803A38123694BB9A389F1
:10C2800003F42073B3F5007F03D02146284600F065
:10C29000F4F8B4F90C3013F001020AD00022A260C5
:10C2A00062695242A261226942B913F08000C5D18D
:10C2B00038BD990758BF6269A260F4E70020F7E72C
:10C2C0003C000020884210B501EB020402D98442F0
:10C2D000234607D8431EA14208D011F8012B03F8CA
:10C2E000012FF8E7014602448A4200D110BD13F83D
:10C2F000014D02F8014DF7E738B50023054D04461E
:10C3000008462B60F4F742F9431C02D12B6803B1B5
:10C31000236038BDE80A0120034610B5C9B20244C3
:10C320009342184601D1002003E0047801338C4287
:10C33000F6D110BD062008B500F004F90120F4F78D
:10C3400002F9000038B50546002940D051F8043CF8
:10C350000C1F002BB8BFE418FFF730FA1C4A136813
:10C3600033B9636014602846BDE83840FFF72CBA43
:10C37000A34208D9206821188B4201BF19685B6865
:10C3800009182160EDE71A465B680BB1A342FAD9A0
:10C3900011685018A0420BD1206801445018834204
:10C3A0001160E0D118685B68084410605360DAE7F8
:10C3B00002D90C232B60D6E7206821188B4201BFDD
:10C3C00019685B680918216063605460CBE738BD69
:10C3D000300C01202DE9F041804615460C4621B96C
:10C3E0001146BDE8F041FFF769B92AB9FFF7AAFF86
:10C3F00000242046BDE8F08100F0E2F885420646C0
:10C4000002D8B5EB500FF4D829464046FFF756F94D
:10C4100007460028ECD0B5422A46214628BF3246BE
:10C42000FFF7F5F821464046FFF78CFF3C46E0E772
:10C4300070B50C46B1F90E10154600291E4696B08F
:10C440000CDAA389002113F0800F14BF40234FF4AE
:10C450008063002031602B6016B070BD6A4600F02A
:10C4600079F80028EDDB019901F47041A1F5005342
:10C47000594259414FF48063EBE78B89F7B59D072B
:10C4800006460C4607D504F14703236023610123C8
:10C49000636103B0F0BD6A4601ABFFF7C9FF009FBF
:10C4A000054639463046FFF709F948B9B4F90C306A
:10C4B0009A05EED423F0030343F00203A381E2E7DD
:10C4C000A389C4E9040743F08003A381019B206092
:10C4D0005BB13046B4F90E1000F04EF828B1A389D4
:10C4E00023F0030343F00103A381A3891D43A58126
:10C4F000CFE71F2938B505460C4604D9162303603B
:10C500004FF0FF3038BDC26B12B152F821304BB939
:10C51000284600F053F8224601462846BDE8384038
:10C5200000F03AB8012B0AD0591C03D1162303603E
:10C530000120E7E70021204642F824109847002018
:10C54000E0E70000024B01461868FFF7D2BF00BFCA
:10C550003C00002038B50023064D0446084611462D
:10C560002B60F4F730F8431C02D12B6803B1236031
:10C5700038BD00BFE80A012038B50023054D044648
:10C5800008462B60F4F724F8431C02D12B6803B152
:10C59000236038BDE80A012038B50023064D044663
:10C5A000084611462B60F3F7C6FF431C02D12B68E7
:10C5B00003B1236038BD00BFE80A0120F3F7B9BF1B
:10C5C00051F8043C181F002BBCBF0B58C018704713
:10C5D000F8B500BFF8BC08BC9E467047F8B500BF70
:08C5E000F8BC08BC9E46704740
:10C5E80002000000000000003F3401088D0600082A
:10C5F80003000000000000005E0100003C21444FE1
:10C6080043545950452068746D6C205055424C492C
:10C618004320222D2F2F5733432F2F445444204893
:10C62800544D4C20342E30312F2F454E2220226875
:10C638007474703A2F2F7777772E77332E6F72674F
:10C648002F54522F68746D6C342F7374726963742D
:10C658002E647464223E0D0A3C68746D6C3E0D0AAB
:10C668003C686561643E0D0A20203C7469746C6501
:10C678003E53544D3332463278375441534B533C32
:10C688002F7469746C653E0D0A20203C6D657461D9
:10C6980020687474702D65717569763D22436F6EDC
:10C6A80074656E742D54797065220D0A20636F6E5F
:10C6B80074656E743D22746578742F68746D6C3B74
:10C6C80020636861727365743D77696E646F777310
:10C6D8002D31323532223E0D0A20203C6D657461C1
:10C6E80020687474702D65717569763D227265666F
:10C6F800726573682220636F6E74656E743D2231B3
:10C70800223E0D0A20203C6D65746120636F6E74B3
:10C71800656E743D224D5348544D4C20362E3030B2
:10C728002E323830302E3135363122206E616D652B
:10C738003D2247454E455241544F52223E0D0A2054
:10C74800203C7374796C65203D22666F6E742D777A
:10C7580065696768743A206E6F726D616C3B20661C
:10C768006F6E742D66616D696C793A2056657264D6
:10C77800616E613B223E3C2F7374796C653E0D0AF5
:10C788003C2F686561643E0D0A3C626F64793E0D1A
:10C798000A3C68343E3C736D616C6C207374796C30
:10C7A800653D22666F6E742D66616D696C793A20FD
:10C7B80056657264616E613B223E3C736D616C6CC0
:10C7C8003E3C6269673E3C6269673E3C6269670D50
:10C7D8000A207374796C653D22666F6E742D7765D7
:10C7E800696768743A20626F6C643B223E3C6269F8
:10C7F800673E3C7374726F6E673E3C656D3E3C737A
:10C8080070616E0D0A207374796C653D22666F6ED7
:10C81800742D7374796C653A206974616C69633B33
:10C82800223E53544D333246327837204C69737464
:10C83800206F66207461736B7320616E640D0A74D7
:10C8480068656972207374617475733C2F737061C5
:10C858006E3E3C2F656D3E3C2F7374726F6E673E63
:10C868003C2F6269673E3C2F6269673E3C2F6269D4
:10C87800673E3C2F6269673E3C2F736D616C6C3E6E
:10C888003C2F736D616C6C3E3C2F68343E0D0A3C46
:10C898006872207374796C653D2277696474683AAC
:10C8A80020313030253B206865696768743A20324A
:10C8B80070783B223E3C7370616E0D0A2073747968
:10C8C8006C653D22666F6E742D7765696768743A8A
:10C8D80020626F6C643B223E0D0A3C2F7370616EC0
:10C8E8003E3C7370616E207374796C653D22666F8F
:10C8F8006E742D7765696768743A20626F6C643B63
:10C90800223E0D0A3C7461626C65207374796C6513
:10C918003D2277696474683A2039363170783B2053
:10C928006865696768743A20333070783B22206202
:10C938006F726465723D2231220D0A2063656C6C4A
:10C9480070616464696E673D2232222063656C6C95
:10C9580073706163696E673D2232223E0D0A2020A2
:10C968003C74626F64793E0D0A202020203C74726A
:10C978003E0D0A2020202020203C74640D0A2073DC
:10C9880074796C653D22666F6E742D66616D696C95
:10C99800793A2056657264616E613B20666F6E74E9
:10C9A8002D7765696768743A20626F6C643B20660E
:10C9B8006F6E742D7374796C653A206974616C6953
:10C9C800633B206261636B67726F756E642D636F82
:10C9D8006C6F723A207267622835312C2035312C01
:10C9E80020323535293B20746578742D616C696770
:10C9F8006E3A2063656E7465723B223E3C736D61CE
:10CA08006C6C3E3C610D0A20687265663D222F53AE
:10CA1800544D3332463278372E68746D6C223E3C62
:10CA28007370616E207374796C653D22636F6C6FEF
:10CA3800723A2077686974653B223E486F6D650DD0
:10CA48000A706167653C2F7370616E3E3C2F613ED2
:10CA58003C2F736D616C6C3E3C2F74643E0D0A2054
:10CA680020202020203C74640D0A207374796C65A2
:10CA78003D22666F6E742D66616D696C793A205639
:10CA8800657264616E613B20666F6E742D776569AF
:10CA98006768743A20626F6C643B20666F6E742D11
:10CAA8007374796C653A206974616C69633B2062C0
:10CAB80061636B67726F756E642D636F6C6F723A2A
:10CAC800207267622835312C2035312C20323535DB
:10CAD800293B20746578742D616C69676E3A206310
:10CAE800656E7465723B223E3C610D0A2068726572
:10CAF800663D2253544D3332463278374144432EF3
:10CB080068746D6C223E3C7370616E207374796C2E
:10CB1800653D22666F6E742D7765696768743A2083
:10CB2800626F6C643B223E3C2F7370616E3E3C2FFB
:10CB3800613E3C736D616C6C3E3C610D0A2068720D
:10CB480065663D222F53544D33324632783754416F
:10CB5800534B532E68746D6C223E3C7370616E208B
:10CB68007374796C653D22636F6C6F723A207768D5
:10CB78006974653B223E4C6973740D0A6F662074B4
:10CB880061736B733C2F7370616E3E3C2F613E3C4A
:10CB98002F736D616C6C3E3C2F74643E0D0A20202F
:10CBA80020203C2F74723E0D0A20203C2F74626FA7
:10CBB80064793E0D0A3C2F7461626C653E0D0A3C37
:10CBC80062723E0D0A3C2F7370616E3E3C73706159
:10CBD8006E207374796C653D22666F6E742D77656F
:10CBE800696768743A20626F6C643B223E3C2F731D
:10CBF80070616E3E3C736D616C6C3E3C7370616E2F
:10CC08000D0A207374796C653D22666F6E742D660B
:10CC1800616D696C793A2056657264616E613B2278
:10CC28003E4E756D626572206F6620706167652083
:10CC3800686974733A0D0A00C6350108B10B00081B
:10CC480000000000000000008002000001008000D9
:10CC58000040280000200000000000000000010241
:10CC680003040607080900000000010203045852E3
:10CC780042534400FFFFFFFF0000000048CD0008BA
:10CC88003CCD000830CD000824CD000818CD0008A0
:10CC98000CCD000800CD0008F4CC0008E8CC000852
:10CCA800DCCC0008D0CC0008C4CC0008B8CC000804
:10CCB8000406080050CD00204CCD002010000A00CA
:10CCC80078FD002074FD002010000A0020FE0020DE
:10CCD8001CFE002010000800C8FE0020C4FE002032
:10CCE8001000080050FF00204CFF0020280004001E
:10CCF800D8FF0020D4FF002010000200800001208F
:10CD08007C00012018000F00A8000120A4000120C9
:10CD1800200005001802012014020120100008005C
:10CD2800C0020120BC0201201C00050048030120AC
:10CD38004403012094000A00DC030120D8030120E9
:10CD480020000600AC090120A809012036220E00A7
:10CD580000000000800A01207C0A0120840A0120CA
:10CD6800900A012003060C183060780102030405BC
:10CD78000607070707070707A6570108045701080A
:10CD88009B540108A4540108AD540108B954010882
:10CD9800C4540108CF540108DA540108E2540108C8
:10CDA800EB540108FA00000075880008E803000049
:10CDB800316B0008E8030000E960000860EA000041
:10CDC800555B0008F40100009D5C0008FFFFFFFFB1
:10CDD800FFFF00000000000000000000F8CD000880
:10CDE80048CE000858CE0008B9260000010000000F
:10CDF8000CCE000811F500081DF50008CF0400004E
:10CE08000100000020CE0008ECF9000808FA00082C
:10CE18006B2200000100000034CE0008731C0108DA
:10CE28008B1C0108A20A000001000000000000009D
:10CE38002D270108492701083B0C000001000000CC
:10CE48002F53544D3332463278372E68746D6C0048
:10CE5800485454502F312E3020323030204F4B0D53
:10CE68000A5365727665723A206C7749502F312ED5
:10CE7800332E312028687474703A2F2F73617661CD
:10CE88006E6E61682E6E6F6E676E752E6F72672F8D
:10CE980070726F6A656374732F6C776970290D0AF5
:10CEA800436F6E74656E742D747970653A2074657D
:10CEB80078742F68746D6C0D0A0D0A3C21444F4339
:10CEC800545950452048544D4C205055424C4943E4
:10CED80020222D2F2F5733432F2F445444204854BA
:10CEE8004D4C20342E3031205472616E7369746950
:10CEF8006F6E616C2F2F454E223E0D0A3C68746D93
:10CF08006C20786D6C6E733A763D2275726E3A734A
:10CF18006368656D61732D6D6963726F736F667495
:10CF28002D636F6D3A766D6C2220786D6C6E733A56
:10CF38006F3D2275726E3A736368656D61732D6D0E
:10CF48006963726F736F66742D636F6D3A6F66668F
:10CF58006963653A6F66666963652220786D6C6EF1
:10CF6800733A773D2275726E3A736368656D6173C3
:10CF78002D6D6963726F736F66742D636F6D3A6F91
:10CF880066666963653A776F72642220786D6C6EA5
:10CF9800733D22687474703A2F2F7777772E773322
:10CFA8002E6F72672F54522F5245432D68746D6C43
:10CFB8003430223E3C686561643E0D0A3C6D657400
:10CFC8006120687474702D65717569763D22436FB0
:10CFD8006E74656E742D547970652220636F6E745B
:10CFE800656E743D22746578742F68746D6C3B208F
:10CFF800636861727365743D69736F2D38383539AC
:10D008002D31223E0D0A3C6C696E6B2072656C3DB9
:10D018002246696C652D4C697374222068726566B6
:10D028003D2253544D3332463278375F66696C651A
:10D03800732F66696C656C6973742E786D6C223E0B
:10D048000D0A3C6C696E6B2072656C3D2245646903
:10D05800742D54696D652D44617461222068726570
:10D06800663D2253544D3332463278375F66696CD9
:10D0780065732F65646974646174612E6D736F22C2
:10D088003E3C7469746C653E53544D333246327875
:10D09800373C2F7469746C653E3C2F686561643E4B
:10D0A8000D0A3C626F6479207374796C653D2222A5
:10D0B800206C616E673D22454E2D555322206C69C8
:10D0C8006E6B3D22626C75652220766C696E6B3DD5
:10D0D80022626C7565223E0D0A3C64697620636C99
:10D0E8006173733D2253656374696F6E31223E0D1F
:10D0F8000A3C646976207374796C653D226D6172AF
:10D1080067696E2D6C6566743A20333070743B2203
:10D118003E0D0A3C7020636C6173733D224D736F42
:10D128004E6F726D616C22207374796C653D227448
:10D138006578742D616C69676E3A2063656E7465F5
:10D14800723B2220616C69676E3D2263656E74656F
:10D1580072223E3C696D6720616C743D2222206911
:10D16800643D225F78303030305F693130323522AB
:10D17800207372633D2253544D3332463278375F01
:10D1880066696C65732F53542E6769662220737421
:10D19800796C653D22626F726465723A20307078EE
:10D1A80020736F6C6964203B2077696474683A2047
:10D1B80037363670783B206865696768743A203579
:10D1C8003870783B223E3C623E3C693E3C7370615D
:10D1D8006E207374796C653D22666F6E742D736969
:10D1E8007A653A20323470743B223E3C62723E0DBE
:10D1F8000A3C7374726F6E673E53544D3332463235
:10D208007837205765627365727665722044656D5C
:10D218006F3C2F7374726F6E673E3C2F7370616E34
:10D228003E3C2F693E3C2F623E3C7370616E20731A
:10D2380074796C653D22666F6E742D73697A653AF0
:10D248002031332E3570743B223E203C2F737061A1
:10D258006E3E3C623E3C7370616E207374796C65FF
:10D268003D22666F6E742D73697A653A2031387085
:10D27800743B20666F6E742D66616D696C793A2017
:10D2880056657264616E613B20636F6C6F723A2001
:10D298007267622835312C2035312C2032353529FA
:10D2A8003B223E3C62723E0D0A4261736564206F08
:10D2B8006E20746865206C774950205443502F497C
:10D2C8005020737461636B203C2F7370616E3E3C19
:10D2D8002F623E3C2F703E0D0A3C64697620636CD9
:10D2E8006173733D224D736F4E6F726D616C2220B6
:10D2F8007374796C653D22746578742D616C696707
:10D308006E3A2063656E7465723B2220616C6967B2
:10D318006E3D2263656E746572223E0D0A3C68722A
:10D3280020616C69676E3D2263656E7465722220A8
:10D3380073697A653D2232222077696474683D22D8
:10D3480031303025223E3C2F6469763E0D0A3C641C
:10D35800697620616C69676E3D2263656E746572DB
:10D36800223E3C7370616E207374796C653D226651
:10D378006F6E742D7765696768743A20626F6C64A4
:10D388003B223E3C2F7370616E3E3C7370616E2091
:10D398007374796C653D22666F6E742D7765696765
:10D3A80068743A20626F6C643B223E3C2F73706154
:10D3B8006E3E0D0A3C7461626C65207374796C650D
:10D3C8003D2277696474683A2039363170783B2099
:10D3D8006865696768743A20333070783B22206248
:10D3E8006F726465723D2231222063656C6C7061D6
:10D3F8006464696E673D2232222063656C6C7370C9
:10D408006163696E673D2232223E0D0A3C74626F89
:10D4180064793E0D0A3C74723E0D0A3C74642073B4
:10D4280074796C653D22666F6E742D66616D696CEA
:10D43800793A2056657264616E613B20666F6E743E
:10D448002D7765696768743A20626F6C643B206663
:10D458006F6E742D7374796C653A206974616C69A8
:10D46800633B206261636B67726F756E642D636FD7
:10D478006C6F723A207267622835312C2035312C56
:10D4880020323535293B20746578742D616C6967C5
:10D498006E3A2063656E7465723B223E3C736D6123
:10D4A8006C6C3E3C6120687265663D222F53544D7A
:10D4B8003332463278372E68746D6C223E3C737076
:10D4C800616E207374796C653D22636F6C6F723A7C
:10D4D8002077686974653B223E486F6D650D0A7058
:10D4E8006167653C2F7370616E3E3C2F613E3C2F37
:10D4F800736D616C6C3E3C2F74643E0D0A3C746421
:10D50800207374796C653D22666F6E742D66616D4B
:10D51800696C793A2056657264616E613B20666F6A
:10D528006E742D7765696768743A20626F6C643B26
:10D5380020666F6E742D7374796C653A2069746116
:10D548006C69633B206261636B67726F756E642DF3
:10D55800636F6C6F723A207267622835312C203500
:10D56800312C20323535293B20746578742D616C57
:10D5780069676E3A2063656E7465723B223E3C6152
:10D5880020687265663D2253544D333246327837EF
:10D598004144432E68746D6C223E3C7370616E206A
:10D5A8007374796C653D22666F6E742D7765696753
:10D5B80068743A20626F6C643B223E3C2F73706142
:10D5C8006E3E3C2F613E3C736D616C6C3E3C61204D
:10D5D800687265663D222F53544D33324632783790
:10D5E8005441534B532E68746D6C223E3C737061EA
:10D5F8006E207374796C653D22636F6C6F723A208C
:10D6080077686974653B223E4C6973740D0A6F66CE
:10D61800207461736B733C2F7370616E3E3C2F6195
:10D628003E3C2F736D616C6C3E3C2F74643E0D0A5A
:10D638003C2F74723E0D0A3C2F74626F64793E0D64
:10D648000A3C2F7461626C653E0D0A3C2F64697652
:10D658003E0D0A3C64697620616C69676E3D226301
:10D66800656E746572223E0D0A3C7461626C6520B9
:10D67800636C6173733D224D736F4E6F726D616C95
:10D688005461626C6522207374796C653D22626115
:10D69800636B67726F756E643A207768697465208A
:10D6A8006E6F6E6520726570656174207363726F4A
:10D6B8006C6C203025203530253B202D6D6F7A2D60
:10D6C8006261636B67726F756E642D636C69703A23
:10D6D80020696E697469616C3B202D6D6F7A2D62CB
:10D6E80061636B67726F756E642D6F726967696EBF
:10D6F8003A20696E697469616C3B202D6D6F7A2DD3
:10D708006261636B67726F756E642D696E6C696EAA
:10D71800652D706F6C6963793A20696E6974696107
:10D728006C3B2077696474683A203537342E35703D
:10D73800743B2220626F726465723D22302220633E
:10D74800656C6C70616464696E673D223022206389
:10D75800656C6C73706163696E673D223022207757
:10D76800696474683D22373636223E0D0A3C74627D
:10D778006F64793E0D0A3C7472207374796C653D50
:10D7880022223E0D0A3C7464207374796C653D2234
:10D7980070616464696E673A2030636D3B2220765D
:10D7A800616C69676E3D22746F70223E0D0A3C748D
:10D7B80061626C6520636C6173733D224D736F4EBB
:10D7C8006F726D616C5461626C6522207374796C40
:10D7D800653D2277696474683A20313030253B22F0
:10D7E80020626F726465723D2230222063656C6C22
:10D7F80070616464696E673D2230222063656C6CD9
:10D8080073706163696E673D2230222077696474A2
:10D81800683D2231303025223E0D0A3C74626F6427
:10D82800793E0D0A3C7472207374796C653D22222E
:10D838003E0D0A3C7464207374796C653D227061F6
:10D848006464696E673A20322E323570743B223E2A
:10D858000D0A3C7461626C6520626F726465723D8A
:10D868002230222063656C6C70616464696E673D68
:10D878002233222063656C6C73706163696E673D47
:10D888002230222077696474683D223130302522A5
:10D898003E0D0A3C74626F64793E0D0A3C74723E18
:10D8A8000D0A3C74642076616C69676E3D22746F62
:10D8B80070222077696474683D22373225223E0D34
:10D8C8000A3C68313E3C7370616E207374796C65F4
:10D8D8003D22636F6C6F723A207267622835312C73
:10D8E8002035312C20323535293B223E53544D33D7
:10D8F800320D0A462D32205365726965733C2F73C9
:10D9080070616E3E3C2F68313E0D0A3C7020636C9E
:10D918006173733D224D736F4E6F726D616C223E61
:10D928003C7370616E207374796C653D22666F6E0E
:10D93800742D73697A653A20313070743B20666FB4
:10D948006E742D66616D696C793A205665726461F2
:10D958006E613B223E41206E65770D0A67656E65F4
:10D96800726174696F6E206F6E2053544D3332208C
:10D9780077697468207369676E69666963616E7434
:10D9880020696D70726F76656D656E7420696E3C86
:10D998002F7370616E3E3C2F703E0D0A3C70206301
:10D9A8006C6173733D224D736F4E6F726D616C22A3
:10D9B8003E3C7370616E207374796C653D22666FAE
:10D9C8006E742D73697A653A20313070743B206625
:10D9D8006F6E742D66616D696C793A205665726454
:10D9E800616E613B223E20666561747572657320C5
:10D9F8002F0D0A706572666F726D616E63653A3CD1
:10DA08006F3A703E3C2F6F3A703E3C2F7370616ED8
:10DA18003E3C2F703E0D0A3C756C20747970653D54
:10DA28002264697363223E0D0A3C6C6920636C6151
:10DA380073733D224D736F4E6F726D616C2220734C
:10DA480074796C653D22223E3C7370616E2073745C
:10DA5800796C653D22666F6E742D73697A653A201C
:10DA6800313070743B20666F6E742D66616D696C21
:10DA7800793A2056657264616E613B223E4D6F7241
:10DA880065204D656D6F72793C6F3A703E3C2F6F23
:10DA98003A703E3C2F7370616E3E3C2F6C693E0DB0
:10DAA8000A3C6C6920636C6173733D224D736F4E41
:10DAB8006F726D616C22207374796C653D22223E11
:10DAC8003C7370616E207374796C653D22666F6E6D
:10DAD800742D73697A653A20313070743B20666F13
:10DAE8006E742D66616D696C793A20566572646151
:10DAF8006E613B223E416476616E6365640D0A6621
:10DB0800656174757265733C6F3A703E3C2F6F3A6D
:10DB1800703E3C2F7370616E3E3C2F6C693E0D0A5F
:10DB28003C6C6920636C6173733D224D736F4E6F5B
:10DB3800726D616C22207374796C653D22223E3CC3
:10DB48007370616E207374796C653D22666F6E74B4
:10DB58002D73697A653A20313070743B20666F6E98
:10DB6800742D66616D696C793A2056657264616ED0
:10DB7800613B223E4D61696E7461696E0D0A636C8A
:10DB88006F73652070696E2D6F757420636F6D708B
:10DB980061746962696C6974793C6F3A703E3C2FB4
:10DBA8006F3A703E3C2F7370616E3E3C2F6C693E3D
:10DBB8000D0A3C6C6920636C6173733D224D736F71
:10DBC8004E6F726D616C22207374796C653D2222F0
:10DBD8003E3C7370616E207374796C653D22666F8C
:10DBE8006E742D73697A653A20313070743B206603
:10DBF8006F6E742D66616D696C793A205665726432
:10DC0800616E613B223E4D61696E7461696E0D0AF9
:10DC1800636C6F736520736F6674776172652063D8
:10DC28006F6D7061746962696C6974793C6F3A7080
:10DC38003E3C2F6F3A703E3C2F7370616E3E3C2F16
:10DC48006C693E0D0A3C2F756C3E0D0A3C73706181
:10DC58006E207374796C653D22666F6E742D7369DE
:10DC68007A653A20313070743B20666F6E742D6689
:10DC7800616D696C793A2056657264616E613B2208
:10DC88003E436F6D706C656D656E740D0A746865E2
:10DC9800206578697374696E672066616D696C794F
:10DCA8002077697468206D6F726520706572666F81
:10DCB800726D616E63652C206D656D6F7279206180
:10DCC8006E642066656174757265733C62723E0DA0
:10DCD8000A3C62723E0D0A3C61207374796C653DA2
:10DCE80022666F6E742D7765696768743A20626F73
:10DCF8006C643B2220687265663D22687474703AD1
:10DD08002F2F7777772E73742E636F6D2F656E2F95
:10DD18006D6963726F636F6E74726F6C6C6572732A
:10DD28002F73746D3332663278372E68746D6C22B7
:10DD3800207461726765743D225F626C616E6B224C
:10DD48003E5468652053544D333246327837206844
:10DD58006F6D6520706167653C2F613E3C2F737065
:10DD6800616E3E3C2F74643E0D0A3C7464207769F2
:10DD78006474683D223225223E3C2F74643E0D0AAD
:10DD88003C746420616C69676E3D227269676874CF
:10DD9800222076616C69676E3D22746F702220774D
:10DDA800696474683D22323625223E3C62723E0D1B
:10DDB8000A3C696D67207374796C653D22776964E4
:10DDC80074683A2032373570783B2068656967682F
:10DDD800743A2031383370783B2220616C743D22CC
:10DDE80022207372633D2253544D333246327837C2
:10DDF8005F66696C65732F73746D33322E6A706554
:10DE080067223E3C2F74643E0D0A3C2F74723E0D0F
:10DE18000A3C2F74626F64793E0D0A3C2F7461626C
:10DE28006C653E0D0A3C2F74643E0D0A3C2F7472DB
:10DE38003E0D0A3C7472207374796C653D22223E53
:10DE48000D0A3C7464207374796C653D22706164BA
:10DE580064696E673A20322E323570743B223E0D6B
:10DE68000A3C7020636C6173733D224D736F4E6F73
:10DE7800726D616C223E3C6F3A703E266E62737022
:10DE88003B3C2F6F3A703E3C2F703E0D0A3C2F747E
:10DE9800643E0D0A3C2F74723E0D0A3C7472207366
:10DEA80074796C653D22223E0D0A3C7464207374BB
:10DEB800796C653D2270616464696E673A20322E20
:10DEC800323570743B222076616C69676E3D22742E
:10DED8006F70223E0D0A3C7461626C6520636C6150
:10DEE80073733D224D736F4E6F726D616C54616236
:10DEF8006C6522207374796C653D22776964746857
:10DF08003A203530372E3470743B2220626F7264A9
:10DF180065723D2230222063656C6C7061646469AF
:10DF28006E673D2230222063656C6C737061636993
:10DF38006E673D2230222077696474683D22363747
:10DF480037223E0D0A3C74626F64793E0D0A3C74B8
:10DF580072207374796C653D22223E0D0A3C74640C
:10DF6800207374796C653D2270616464696E673AE8
:10DF780020322E323570743B206261636B67726F9A
:10DF8800756E643A207267622835312C2035312C41
:10DF98002032353529206E6F6E6520726570656197
:10DFA80074207363726F6C6C203025203530253BEC
:10DFB800202D6D6F7A2D6261636B67726F756E6469
:10DFC8002D636C69703A20696E697469616C3B20D5
:10DFD8002D6D6F7A2D6261636B67726F756E642D3C
:10DFE8006F726967696E3A20696E697469616C3B22
:10DFF800202D6D6F7A2D6261636B67726F756E6429
:10E008002D696E6C696E652D706F6C6963793A2045
:10E01800696E697469616C3B2077696474683A2039
:10E028003530342E3270743B222077696474683D31
:10E0380022363732223E0D0A3C7020636C617373BE
:10E048003D224D736F4E6F726D616C223E3C737052
:10E05800616E207374796C653D22636F6C6F723AE0
:10E068002077686974653B223E266E6273703B3C7C
:10E078002F7370616E3E3C7374726F6E673E3C73B3
:10E0880070616E207374796C653D22666F6E742DB5
:10E0980066616D696C793A2056657264616E613BA0
:10E0A80020636F6C6F723A2077686974653B223E13
:10E0B80041626F757420746869730D0A64656D6FC9
:10E0C8006E7374726174696F6E3C2F7370616E3E0B
:10E0D8003C2F7374726F6E673E3C7370616E207371
:10E0E80074796C653D22666F6E742D66616D696C1E
:10E0F800793A2056657264616E613B20636F6C6F7C
:10E10800723A2077686974653B223E3C6F3A703EEC
:10E118003C2F6F3A703E3C2F7370616E3E3C2F70FF
:10E128003E0D0A3C2F74643E0D0A3C7464207374DF
:10E13800796C653D22626F726465723A206D656420
:10E1480069756D206E6F6E65203B2070616464692F
:10E158006E673A2030636D3B222077696474683DAE
:10E168002234223E0D0A3C7020636C6173733D2299
:10E178004D736F4E6F726D616C223E266E627370C6
:10E188003B3C2F703E0D0A3C2F74643E0D0A3C2F19
:10E1980074723E0D0A3C7472207374796C653D226A
:10E1A8006865696768743A2031312E323570743B7E
:10E1B800223E0D0A3C7464207374796C653D2270AC
:10E1C800616464696E673A20322E323570743B2080
:10E1D80077696474683A203530342E3270743B2085
:10E1E8006865696768743A2031312E323570743B3E
:10E1F800222076616C69676E3D22746F70222077E9
:10E20800696474683D22363732223E0D0A3C70201C
:10E21800636C6173733D224D736F4E6F726D616CE9
:10E22800223E3C7370616E207374796C653D226682
:10E238006F6E742D73697A653A20313070743B20A3
:10E24800666F6E742D66616D696C793A20566572D9
:10E2580064616E613B223E546869730D0A7765629A
:10E2680073657276657220697320612070617274BB
:10E27800206F6620612064656D6F6E7374726174BF
:10E28800696F6E207061636B616765206465766590
:10E298006C6F706564206F6E2074686520746F7091
:10E2A8000D0A6C6576656C206F6620746865206C55
:10E2B800774950205443502F495020737461636B41
:10E2C8002E203C62723E0D0A3C62723E0D0A546872
:10E2D80065207061636B61676520636F6E74616947
:10E2E8006E73206E696E65206170706C696361740D
:10E2F800696F6E733A3C2F7370616E3E3C2F703EAF
:10E308000D0A3C6F6C3E0D0A3C6C693E3C737061B3
:10E318006E207374796C653D22666F6E742D736917
:10E328007A653A20313070743B20666F6E742D66C2
:10E33800616D696C793A2056657264616E613B2241
:10E348003E4170706C69636174696F6E7320727599
:10E358006E6E696E6720696E207374616E64616C9D
:10E368006F6E652028776974686F757420616E20F8
:10E3780052544F53293A3C2F7370616E3E3C2F6CB8
:10E38800693E0D0A3C2F6F6C3E0D0A3C756C20737C
:10E3980074796C653D226D617267696E2D6C656676
:10E3A800743A20343070783B223E0D0A3C6C693E4A
:10E3B8003C7370616E207374796C653D22666F6E74
:10E3C800742D73697A653A20313070743B20666F1A
:10E3D8006E742D66616D696C793A20566572646158
:10E3E8006E613B223E410D0A576562736572766520
:10E3F800722E266E6273703B3C6F3A703E3C2F6FF4
:10E408003A703E3C2F7370616E3E3C2F6C693E0D36
:10E418000A3C6C693E3C7370616E207374796C655C
:10E428003D22666F6E742D73697A653A20313070BB
:10E43800743B20666F6E742D66616D696C793A2045
:10E4480056657264616E613B223E412054465450C9
:10E45800207365727665722E3C2F7370616E3E3C38
:10E468002F6C693E0D0A3C6C693E3C7370616E20EE
:10E478007374796C653D22666F6E742D73697A6565
:10E488003A20313070743B20666F6E742D66616D72
:10E49800696C793A2056657264616E613B223E412F
:10E4A80020544350206563686F0D0A636C69656E7C
:10E4B80074206170706C69636174696F6E3C2F734E
:10E4C80070616E3E3C2F6C693E0D0A3C6C693E3CA7
:10E4D8007370616E207374796C653D22666F6E741B
:10E4E8002D73697A653A20313070743B20666F6EFF
:10E4F800742D66616D696C793A2056657264616E37
:10E50800613B223E4120544350206563686F0D0AE9
:10E51800736572766572206170706C696361746985
:10E528006F6E3C2F7370616E3E3C2F6C693E0D0A16
:10E538003C6C693E3C7370616E207374796C653D08
:10E5480022666F6E742D73697A653A203130707463
:10E558003B20666F6E742D66616D696C793A205642
:10E56800657264616E613B223E41205544502065CE
:10E5780063686F0D0A636C69656E74206170706CF6
:10E5880069636174696F6E3C2F7370616E3E3C2FD6
:10E598006C693E0D0A3C6C693E3C7370616E207379
:10E5A80074796C653D22666F6E742D73697A653A6D
:10E5B80020313070743B20666F6E742D66616D6912
:10E5C8006C793A2056657264616E613B223E412047
:10E5D800554450206563686F0D0A736572766572DD
:10E5E800206170706C69636174696F6E266E627306
:10E5F800703B3C2F7370616E3E3C2F6C693E0D0A78
:10E608003C2F756C3E0D0A3C6F6C207374617274FC
:10E618003D2232223E0D0A3C6C693E3C7370616EAD
:10E62800207374796C653D22666F6E742D73697AF8
:10E63800653A20313070743B20666F6E742D6661C8
:10E648006D696C793A2056657264616E613B223E51
:10E658004170706C69636174696F6E732072756E56
:10E668006E696E67207769746820467265655254D2
:10E678004F53206F7065726174696E672073797388
:10E6880074656D3A3C2F7370616E3E3C2F6C693E29
:10E698000D0A3C2F6F6C3E0D0A3C756C2073747923
:10E6A8006C653D226D617267696E2D6C6566743AA2
:10E6B80020343070783B223E0D0A3C6C693E3C7336
:10E6C80070616E207374796C653D22666F6E742D6F
:10E6D80073697A653A20313070743B20666F6E74C6
:10E6E8002D66616D696C793A2056657264616E6158
:10E6F8003B223E41205765627365727665720D0A4A
:10E708006261736564206F6E206E6574636F6E6EF0
:10E71800204150492E3C2F7370616E3E3C2F6C692E
:10E728003E0D0A3C6C693E3C7370616E20737479CF
:10E738006C653D22666F6E742D73697A653A203177
:10E748003070743B20666F6E742D66616D696C79EC
:10E758003A2056657264616E613B223E41205765DE
:10E76800627365727665720D0A6261736564206F03
:10E778006E20736F636B6574204150492E3C2F7374
:10E7880070616E3E3C2F6C693E0D0A3C6C693E3CE4
:10E798007370616E207374796C653D22666F6E7458
:10E7A8002D73697A653A20313070743B20666F6E3C
:10E7B800742D66616D696C793A2056657264616E74
:10E7C800613B223E41205443502F5544500D0A6569
:10E7D80063686F20736572766572206170706C690A
:10E7E800636174696F6E206261736564206F6E2067
:10E7F8006E6574636F6E6E204150492E266E62738B
:10E80800703B3C2F7370616E3E3C2F6C693E0D0A65
:10E818003C2F756C3E0D0A3C756C20747970653D13
:10E828002264697363223E0D0A3C2F756C3E0D0A03
:10E838003C7020636C6173733D224D736F4E6F7231
:10E848006D616C22207374796C653D22223E3C6FA9
:10E858003A703E266E6273703B3C2F6F3A703E3CB6
:10E868002F703E0D0A3C2F74643E0D0A3C746420E0
:10E878007374796C653D22626F726465723A206DBB
:10E88800656469756D206E6F6E65203B20706164EC
:10E8980064696E673A2030636D3B2220776964743F
:10E8A800683D2234223E0D0A3C7020636C6173730C
:10E8B8003D224D736F4E6F726D616C223E266E6203
:10E8C80073703B3C2F703E0D0A3C2F74643E0D0A5A
:10E8D8003C2F74723E0D0A3C7472207374796C6517
:10E8E8003D22223E0D0A3C7464207374796C653DA8
:10E8F8002270616464696E673A20322E3235707412
:10E908003B206261636B67726F756E643A20726751
:10E91800622835312C2035312C2032353529206EAE
:10E928006F6E6520726570656174207363726F6CB9
:10E938006C203025203530253B202D6D6F7A2D62D7
:10E9480061636B67726F756E642D636C69703A20D2
:10E95800696E697469616C3B202D6D6F7A2D6261F7
:10E96800636B67726F756E642D6F726967696E3A53
:10E9780020696E697469616C3B202D6D6F7A2D6218
:10E9880061636B67726F756E642D696E6C696E6515
:10E998002D706F6C6963793A20696E697469616C6E
:10E9A8003B2077696474683A203530342E327074AD
:10E9B8003B222077696474683D22363732223E0D47
:10E9C8000A3C7020636C6173733D224D736F4E6F08
:10E9D800726D616C223E3C7370616E207374796C49
:10E9E800653D22636F6C6F723A2077686974653B86
:10E9F800223E266E6273703B3C2F7370616E3E3C04
:10EA08007374726F6E673E3C7370616E20737479B5
:10EA18006C653D22666F6E742D66616D696C793A1E
:10EA28002056657264616E613B20636F6C6F723A49
:10EA38002077686974653B223E41626F7574204C8B
:10EA48007749503C2F7370616E3E3C2F7374726F20
:10EA58006E673E3C7370616E207374796C653D22FD
:10EA6800666F6E742D66616D696C793A20566572B1
:10EA780064616E613B20636F6C6F723A20776869DE
:10EA880074653B223E3C6F3A703E3C2F6F3A703EB5
:10EA98003C2F7370616E3E3C2F703E0D0A3C2F7404
:10EAA800643E0D0A3C7464207374796C653D22627F
:10EAB8006F726465723A206D656469756D206E6F5A
:10EAC8006E65203B2070616464696E673A2030632C
:10EAD8006D3B222077696474683D2234223E0D0A1A
:10EAE8003C7020636C6173733D224D736F4E6F727F
:10EAF8006D616C223E266E6273703B3C2F703E0D3A
:10EB08000A3C2F74643E0D0A3C2F74723E0D0A3C79
:10EB18007472207374796C653D22223E0D0A3C7430
:10EB28006420636F6C7370616E3D223222207374AF
:10EB3800796C653D2270616464696E673A20322E93
:10EB4800323570743B2077696474683A2035303701
:10EB58002E3470743B222077696474683D223637FE
:10EB680037223E0D0A3C7020636C6173733D224D61
:10EB7800736F4E6F726D616C22207374796C653D92
:10EB8800226D617267696E2D626F74746F6D3A20C1
:10EB9800313270743B223E3C7370616E207374791D
:10EBA8006C653D22666F6E742D73697A653A203103
:10EBB8003070743B20666F6E742D66616D696C7978
:10EBC8003A2056657264616E613B223E6C7749500B
:10EBD8002C0D0A70726F6E6F756E636564206C69B8
:10EBE8006768747765696768742049502C20697371
:10EBF80020616E206F70656E20736F75726365207B
:10EC08005443502F495020737461636B20646576B8
:10EC1800656C6F7065642062790D0A4164616D20CE
:10EC280044756E6B656C732061742074686520533D
:10EC380077656469736820496E737469747574655F
:10EC4800206F6620436F6D70757465722053636919
:10EC5800656E636520616E642069730D0A6D616974
:10EC68006E7461696E6564206E6F772062792061C9
:10EC780020776F726C64207769646520636F6D6DAF
:10EC8800756E697479206F6620646576656C6F703F
:10EC98006572732E3C62723E0D0A3C62723E0D0A2A
:10ECA8006C7749502066656174757265733A3C6289
:10ECB800723E0D0A3C62723E0D0A2D2049502028F2
:10ECC800496E7465726E65742050726F746F636FED
:10ECD8006C2920696E636C7564696E672070616366
:10ECE8006B657420666F7277617264696E67206FF6
:10ECF800766572206D756C7469706C650D0A6E6549
:10ED080074776F726B20696E746572666163657380
:10ED18003C62723E0D0A2D2049434D502028496E11
:10ED28007465726E657420436F6E74726F6C204DDB
:10ED38006573736167652050726F746F636F6C29B8
:10ED480020666F72206E6574776F726B206D6169D3
:10ED58006E74656E616E636520616E640D0A64652C
:10ED680062756767696E673C62723E0D0A2D2055B1
:10ED7800445020285573657220446174616772613C
:10ED88006D2050726F746F636F6C2920696E636CAD
:10ED98007564696E67206578706572696D656E74F3
:10EDA800616C205544502D6C6974650D0A65787442
:10EDB800656E73696F6E733C62723E0D0A2D205446
:10EDC800435020285472616E736D697373696F6E56
:10EDD80020436F6E74726F6C2050726F746F636F24
:10EDE8006C29207769746820636F6E67657374692E
:10EDF8006F6E20636F6E74726F6C2C205254540DBA
:10EE08000A657374696D6174696F6E20616E642040
:10EE180066617374207265636F766572792F6661B7
:10EE280073742072657472616E736D69743C62727A
:10EE38003E0D0A2D205370656369616C697A6564BB
:10EE4800207261772041504920666F7220656E6894
:10EE5800616E63656420706572666F726D616E6362
:10EE6800653C62723E0D0A2D204F7074696F6E61A9
:10EE78006C204265726B656C65792D616C696B6598
:10EE880020736F636B6574204150493C62723E0D7C
:10EE98000A2D2044484350202844796E616D6963E7
:10EEA80020486F737420436F6E666967757261746A
:10EEB800696F6E2050726F746F636F6C293C627259
:10EEC8003E0D0A2D205050502028506F696E742D29
:10EED800746F2D506F696E742050726F746F636F0A
:10EEE8006C293C62723E0D0A2D2041525020284167
:10EEF800646472657373205265736F6C7574696F9F
:10EF08006E2050726F746F636F6C2920666F722069
:10EF180045746865726E65743C62723E0D0A3C62A7
:10EF2800723E0D0A466F72206D6F726520696E66BB
:10EF38006F726D6174696F6E7320796F752063618C
:10EF48006E20726566657220746F2074686520771C
:10EF58006562736974653A20266E6273703B3C6122
:10EF680020687265663D22687474703A2F2F736149
:10EF780076616E6E61682E6E6F6E676E752E6F723B
:10EF8800672F70726F6A656374732F6C7769702F5F
:10EF9800223E687474703A2F2F736176616E6E61C9
:10EFA800682E6E6F6E676E752E6F72672F70726F38
:10EFB8006A656374732F6C7769702F0D0A3C2F6133
:10EFC8003E3C6F3A703E3C2F6F3A703E3C2F737058
:10EFD800616E3E3C2F703E0D0A3C2F74643E0D0A54
:10EFE8003C2F74723E0D0A3C2F74626F64793E0D9B
:10EFF8000A3C2F7461626C653E0D0A3C7020636C9C
:10F008006173733D224D736F4E6F726D616C223E5A
:10F018003C6F3A703E3C2F6F3A703E3C2F703E0D6D
:10F028000A3C2F74643E0D0A3C2F74723E0D0A3C54
:10F038002F74626F64793E0D0A3C2F7461626C65AF
:10F048003E0D0A3C2F74643E0D0A3C2F74723E0D2F
:10F058000A3C2F74626F64793E0D0A3C2F7461621A
:10F068006C653E0D0A3C7370616E207374796C6533
:10F078003D22646973706C61793A206E6F6E653BEE
:10F08800223E3C6F3A703E3C2F6F3A703E3C2F73E5
:10F0980070616E3E3C2F6469763E0D0A3C64697669
:10F0A80020616C69676E3D2263656E746572223EED
:10F0B8000D0A3C7461626C6520636C6173733D2258
:10F0C8004D736F4E6F726D616C5461626C65222076
:10F0D8007374796C653D226261636B67726F756EDC
:10F0E800643A20626C61636B206E6F6E6520726596
:10F0F80070656174207363726F6C6C2030252035E5
:10F1080030253B202D6D6F7A2D6261636B67726FBE
:10F11800756E642D636C69703A20696E69746961F3
:10F128006C3B202D6D6F7A2D6261636B67726F7512
:10F138006E642D6F726967696E3A20696E697469C9
:10F14800616C3B202D6D6F7A2D6261636B67726F06
:10F15800756E642D696E6C696E652D706F6C696370
:10F16800793A20696E697469616C3B2077696474C7
:10F17800683A203537342E3570743B2220626F721E
:10F188006465723D2230222063656C6C7061646432
:10F19800696E673D2230222063656C6C7370616311
:10F1A800696E673D2230222077696474683D223792
:10F1B8003636223E0D0A3C74626F64793E0D0A3C75
:10F1C8007472207374796C653D22223E0D0A3C747A
:10F1D80064207374796C653D2270616464696E673C
:10F1E8003A2030636D3B2077696474683A20313087
:10F1F80030253B222077696474683D223130302500
:10F20800223E0D0A3C7020636C6173733D224D737E
:10F218006F4E6F726D616C223E3C696D6720696448
:10F228003D225F78303030305F693130323822200B
:10F238007372633D22696E6368746D6C2D706167CB
:10F2480065732D73746D33325F636F6E6E656374AF
:10F2580069766974795F66696C65732F706978651A
:10F268006C2E6769662220626F726465723D223077
:10F2780022206865696768743D22312220776964B5
:10F2880074683D2231223E3C2F703E0D0A3C2F749B
:10F29800643E0D0A3C2F74723E0D0A3C2F74626F57
:10F2A80064793E0D0A3C2F7461626C653E0D0A3C20
:10F2B8002F6469763E0D0A3C7020636C6173733D60
:10F2C800224D736F4E6F726D616C22207374796C6E
:10F2D800653D22746578742D616C69676E3A2063A8
:10F2E800656E7465723B2220616C69676E3D2263AE
:10F2F800656E746572223E3C7370616E207374791A
:10F308006C653D22646973706C61793A206E6F6E2A
:10F31800653B223E3C6F3A703E266E6273703B3C02
:10F328002F6F3A703E3C2F7370616E3E3C2F703EDB
:10F338000D0A3C64697620616C69676E3D226365DD
:10F348006E746572223E0D0A3C7461626C652063BE
:10F358006C6173733D224D736F4E6F726D616C54A7
:10F3680061626C6522207374796C653D22776964EB
:10F3780074683A203537342E3570743B2220626F1A
:10F38800726465723D2230222063656C6C70616422
:10F3980064696E673D2230222063656C6C7370610E
:10F3A80063696E673D2230222077696474683D2264
:10F3B800373636223E0D0A3C74626F64793E0D0A78
:10F3C8003C7472207374796C653D22223E0D0A3CB0
:10F3D8007464207374796C653D2270616464696E2D
:10F3E800673A2030636D3B2077696474683A20314E
:10F3F8003030253B222077696474683D22313030F3
:10F4080025223E0D0A3C6469762069643D22666FB8
:10F418006F746572223E0D0A3C7020636C617373D1
:10F428003D226C6567616C22207374796C653D229E
:10F43800746578742D616C69676E3A2063656E74C3
:10F4480065723B2220616C69676E3D2263656E744C
:10F458006572223E416C6C20726967687473207211
:10F468006573657276656420A9323031360D0A53AA
:10F47800544D6963726F656C656374726F6E69630E
:10F4880073266E6273703B3C2F703E0D0A3C2F64EE
:10F4980069763E0D0A3C2F74643E0D0A3C2F747247
:10F4A8003E0D0A3C2F74626F64793E0D0A3C2F743E
:10F4B80061626C653E0D0A3C2F6469763E0D0A3C1C
:10F4C8007020636C6173733D224D736F4E6F726D64
:10F4D800616C223E3C6F3A703E266E6273703B3C14
:10F4E8002F6F3A703E3C2F703E0D0A3C2F646976B0
:10F4F8003E0D0A3C2F6469763E0D0A3C2F626F640C
:10F50800793E3C2F68746D6C3E2F3430342E68740D
:10F518006D6C000000485454502F312E3020343088
:10F52800342046696C65206E6F7420666F756E6452
:10F538000D0A5365727665723A206C7749502F31FF
:10F548002E332E312028687474703A2F2F73617609
:10F55800616E6E61682E6E6F6E676E752E6F726764
:10F568002F70726F6A656374732F6C776970290DD9
:10F578000A436F6E74656E742D747970653A2074E1
:10F588006578742F68746D6C0D0A0D0A3C21444F20
:10F5980043545950452048544D4C205055424C49ED
:10F5A8004320222D2F2F5733432F2F4454442048D4
:10F5B800544D4C20342E3031205472616E7369746E
:10F5C800696F6E616C2F2F454E223E0D0A3C6874A0
:10F5D8006D6C3E3C686561643E3C7469746C653E64
:10F5E80053544D3332463278373C2F7469746C6506
:10F5F8003E0D0A0D0A3C2F686561643E0D0A3C62A7
:10F608006F6479207374796C653D22636F6C6F72D7
:10F618003A20626C61636B3B206261636B67726F57
:10F62800756E642D636F6C6F723A207768697465C4
:10F638003B223E0D0A3C7461626C652077696474F4
:10F64800683D2231303025223E0D0A3C74626F64D9
:10F65800793E0D0A3C74722076616C69676E3D22B2
:10F66800746F70223E0D0A3C746420776964746874
:10F678003D223830223E3C62723E0D0A3C64697677
:10F68800207374796C653D22746578742D616C699A
:10F69800676E3A2063656E7465723B223E3C696D05
:10F6A80067207374796C653D2277696474683A20C1
:10F6B800393670783B206865696768743A20353751
:10F6C80070783B2220616C743D225354206C6F6724
:10F6D8006F22207372633D2253544D333246327881
:10F6E800375F66696C65732F6C6F676F2E6A70671A
:10F6F800223E3C2F6469763E0D0A3C2F74643E0D11
:10F708000A3C74642077696474683D22353030227D
:10F718003E0D0A3C68313E3C736D616C6C3E3C7337
:10F728006D616C6C3E3C736D616C6C3E3C736D61DD
:10F738006C6C3E3C6269673E3C6269673E3C62694C
:10F7480067207374796C653D22666F6E742D7765DA
:10F75800696768743A20626F6C643B223E3C626958
:10F76800673E3C7374726F6E673E3C7370616E20C7
:10F778007374796C653D22666F6E742D7374796C41
:10F78800653A206974616C69633B223E53544D337A
:10F798003246327837205765627365727665722013
:10F7A80044656D6F3C2F7370616E3E3C2F737472AD
:10F7B8006F6E673E3C2F6269673E3C2F6269673E09
:10F7C8003C2F6269673E3C2F6269673E3C2F736D30
:10F7D800616C6C3E3C2F736D616C6C3E3C2F736D9D
:10F7E800616C6C3E3C2F736D616C6C3E0D0A3C7312
:10F7F8006D616C6C207374796C653D22666F6E74F4
:10F808002D66616D696C793A2056657264616E6126
:10F818003B223E3C736D616C6C3E3C6269673E3CCA
:10F828006269673E3C6269673E3C6269672073743F
:10F83800796C653D22666F6E742D776569676874AB
:10F848003A20626F6C643B20636F6C6F723A20726F
:10F8580067622835312C2035312C20323535293B4B
:10F86800223E3C6269673E3C7374726F6E673E3C31
:10F878007370616E207374796C653D22666F6E7467
:10F888002D7374796C653A206974616C69633B22E5
:10F898003E3C2F7370616E3E3C2F7374726F6E67BF
:10F8A8003E3C2F6269673E3C7370616E20737479C9
:10F8B8006C653D22636F6C6F723A207267622835FF
:10F8C800312C2035312C20323535293B223E3C6203
:10F8D800723E0D0A3C2F7370616E3E3C2F62696761
:10F8E8003E3C2F6269673E3C2F6269673E3C2F624F
:10F8F80069673E3C2F736D616C6C3E3C2F736D6184
:10F908006C6C3E3C2F68313E0D0A3C68323E343008
:10F9180034202D2050616765206E6F7420666F75E6
:10F928006E643C2F68323E0D0A3C703E3C73706139
:10F938006E207374796C653D22666F6E742D6661F6
:10F948006D696C793A2054696D6573204E6577202E
:10F95800526F6D616E2C54696D65732C7365726995
:10F96800663B223E20536F7272792C0D0A746865CB
:10F97800207061676520796F7520617265207265F6
:10F988007175657374696E6720776173206E6F7423
:10F9980020666F756E64206F6E20746869732073BB
:10F9A80065727665722E3C2F7370616E3E203C2F17
:10F9B800703E0D0A3C2F74643E0D0A3C2F74723E53
:10F9C8000D0A3C2F74626F64793E0D0A3C2F7461F6
:10F9D800626C653E0D0A3C2F626F64793E3C2F686D
:10F9E800746D6C3E2F53544D3332463278375F6610
:10F9F800696C65732F73746D33322E6A7065670096
:10FA0800485454502F312E3020323030204F4B0D77
:10FA18000A5365727665723A206C7749502F312EF9
:10FA2800332E312028687474703A2F2F73617661F1
:10FA38006E6E61682E6E6F6E676E752E6F72672FB1
:10FA480070726F6A656374732F6C776970290D0A19
:10FA5800436F6E74656E742D747970653A207465A1
:10FA680078742F706C61696E0D0A0D0AFFD8FFE07B
:10FA780000104A464946000101000001000100004B
:10FA8800FFDB008400090606141010151410141565
:10FA9800151416151515151416141414141816150E
:10FAA80016151515151615171C261E1719251914C0
:10FAB800141F2F202327292C2C2D171E3135302ACF
:10FAC80035262B2C2901090A0A0E0C0E1A0F0F1ABB
:10FAD8002C241F25302C2C2C2F2C302C2C2A2C2C71
:10FAE8002F2C2C2C2C342C292C292C2C2C2F2C2C46
:10FAF8002C302C2C2A2C292C2C2C2D2C2C2C2C2C3E
:10FB0800292C2C2C292CFFC000110800B701130345
:10FB1800012200021101031101FFC4001C000001B1
:10FB280005010101000000000000000000000200C3
:10FB380003040506010708FFC40043100002010280
:10FB4800040306030506040504030000010211006E
:10FB5800030412213105415106132261718132914A
:10FB6800A14252B1C1D11462728292F0072343E1DB
:10FB7800335393A2D21563C2F173A3B2FFC4001A20
:10FB88000100020301010000000000000000000065
:10FB98000000040103050206FFC40036110002023A
:10FBA800010202070508010500000000000001022B
:10FBB800031104211231054151617191A113228170
:10FBC800D1F014325292A2B1C1E123153342C2E2FC
:10FBD800FFDA000C03010002110311003F00F48852
:10FBE800A514514A2A4018A514514A280062945174
:10FBF8004523400315C6600124800092498000DC3B
:10FC080093C879D54F1BED3DAC342997BAC252CA77
:10FC180009B8C36CC392AFEF3102B218EBD7714683
:10FC28007124650656C2EB6C6B2339806F30D35252
:10FC38000288D141D680354FDB3C303F1395FF0019
:10FC480098B6DDAD799CC06ABFBC011E7576AC085C
:10FC5800041041008235041D41046E22BCE08A91E3
:10FC6800C138F1C1364B84FECCC74D4459627793F5
:10FC7800B59EA3EC133F0CE5803D02294575581D40
:10FC8800883E867CABB15200C528A28A5140031435
:10FC9800A28A2945000C528A28A51400314A28A2B4
:10FCA800945000C528A28A51400314A28A29AC4D59
:10FCB800F16D4B1F9753D2821BC6EC38A515596BB3
:10FCC8008DEBE2581D419FA1AB3B6E18020C83B12E
:10FCD800A969A398D9197214528A28A51507646CC2
:10FCE8005E356D005A75D801268B0D895B8250CF21
:10FCF800E23D4554768BE35E997F333F9556E1B1FB
:10FD08004D6DB32FB8E447434CC69E286573119ECA
:10FD1800A9C2C716B635D14A299C16316EAE65F709
:10FD28001CC1E952229769A7863A9A92CA062945C0
:10FD380014528A82418A54514A800A294514528AA7
:10FD48000018A515D3A6F541DA2ED8DAC1F84CBDAE
:10FD5800D3F0D9482E4722795B5FDE6F6076A00B1F
:10FD68008C56296DAB3390028CCC49000037249D0A
:10FD7800856278AF6D5EF92982F0A490712CB20883
:10FD88008FF46DB0D7F8DB4D3406A83198CBB8D6D0
:10FD98000D89232832B657FE12EB20B73B8DE6DEDD
:10FDA800C054CB56E2A00EE0B06B6E624B36ACECA2
:10FDB8004B3B1EACC753F972A92C2A6709E0F731EF
:10FDC800062D8F08F89DB4451D59BF2DEA3E22DE49
:10FDD80056600860090186C403008F23BD004722CE
:10FDE8009BB880883B53C4535728025F667B427098
:10FDF8008EB62F19B0485B2E4802D1274B6C7EE691
:10FE0800B0A7ECE8BB411BFB6E184833E95E598884
:10FE1800B41D4AB090441156BD93ED435975C36261
:10FE2800589985B1758E8472B4E772DB004EFA0D6D
:10FE3800C0CC01E8114A2B96AE8612BA8A38A900BE
:10FE48006294514528A0018A514514A2800629458B
:10FE580014528A0018A514514A280062A9F8DDCF67
:10FE680012AF413EE4C7E55751545C687F9BFCA341
:10FE7800F3AEA3CCA2F7EE15C6A5F0DE21DDB41FC4
:10FE880084EFE47AD443406AFC67633D49C5E51AC8
:10FE9800E15D8AA7E0BC43FD36FE53FF00C7F4AB23
:10FEA800A8AA251E17834EB9A9C728A2ED227C0748
:10FEB800F887E07F5AA335AAE30F6F245D3E6A07EF
:10FEC800C53D47FBD655A9DA1FBA666AE38B323FB0
:10FED80080C69B4E186DB30EA3F5AD4A631092030E
:10FEE8000F080C7A0075067FBDEB1A6BB98EA277E6
:10FEF800DFCE36AEECA54F738A750EA58EA3438A66
:10FF0800ED122E880B9EBB2FEA6AAEFF001CBADFEB
:10FF18006B28E8A23EBBD40AE5770A211EA227A8CF
:10FF2800B27D7E438714FF007DBFA9BF5A54F59E5A
:10FF38001575D432A120EC74AED59C505D68E3826F
:10FF4800C7BE19B38A67198C4B285EE3054512CCE6
:10FF5800C42AA8EA49D00A9115E4BFE33635FBFC68
:10FF68003DB262D95B8409D0DC52BB8E642911FC96
:10FF780046B18DE24768FF00C4B7BA4DBC0CAAEC85
:10FF8800710C209FFF00121DBF8984F4037ACEE014
:10FF9800ECC124C96632CCC4B3313B9663A93E6632
:10FFA800AAB0757186350059E1EB5582E076ED5BB4
:10FFB8005BD8D685601ADD943372E03B1D3E15DBB5
:10FFC8005FC2B298635B9E01C2AF5F4B588C3BDB4C
:10FFD800EF2D0EE8ADD12064D50AE87ECB0FAEBA7E
:10FFE800D001F11EF8A5937ADF718437154595394C
:08FFF800485DF33E9BC03BF4A1
:020000040801F1
:10000000D86F4CF6CF84AD8BCBDDAE54641006D2E6
:10001000BE13FF00C4FBD49E33C56F38B986C4F746
:1000200024842E1AD9F85925A1A4EE42911A1F1042
:10003000EB5038E7687F69B56532EB6D466727524C
:10004000D940681D349A00A434C5DA7CD477126094
:100050006A4E800D4927901400C9A858FC3ADC521A
:10006000AC343F4F3156FC3CDB0CC6E80611CAA944
:10007000CD95AE01E156CBAC6FD358D40A6F8F58F3
:10008000556428B943DAB770A024852E35009D72D7
:100090009D089FBC05004EEC5F6BDB38C3625A6E57
:1000A000C45BB8C616E209307FF707BCEA7AD7A06E
:1000B0005AB8184AEA0D785713B2186E4104156001
:1000C00061948D41046C41ADB760BB706F9EE6F9E1
:1000D0001FB4281B90AB72DAFDB41C98731EA408E1
:1000E000F8403D0A294572D5C0C254C83451520760
:1000F0002294574D0ADC07620FB8A803B14A28A220
:10010000B9152072294576294500722A838DFF0092
:10011000C5FE51F9D6862A878F5B8B80F55FC09F1D
:10012000F6AEA3CCA351F70AB34068CD01A6119A4D
:10013000CE4F4AD470BC6F7A927E21A37EBEFF0060
:10014000AD658D4DE0989C9780E4DE13EFB7D7F155
:10015000A99C78A259459C13EE642C55E2EECC770D
:1001600024FF00B0A64D58718C20B77085220EB1C7
:10017000CC4F23F95579A620D35B0AD89A934C1318
:100180004A91A556A2B386AD784F05178062FA034F
:100190000CA06BE93F9D5553F83C7BD927BB313B05
:1001A000E80EDEB44D49C7DD7B9654E2A599ACA3B9
:1001B0006AB6C00001006807952ACCAF6A2EC6A1B6
:1001C0000F9C1FC8D2A43ECD61A9F6BA8D5C564FD4
:1001D000B6DD9C4E23866B6480D39ADBF3B7704EFA
:1001E000527C8EA0F91EA056B596445555D1DD9D82
:1001F0007E13F646E6951B3C07059D1DAD5E5297A6
:100200006DB65753D4731E46AF70E74AD07F899DB1
:10021000942C06330E3FCEB4BFE601FEADA1BEDF87
:100220006947D27A01595E198B1710329D0FF71466
:100230000179863579C378EDDB16DEDDA6CA1C822E
:1002400048F884023C2794CEFBE82A870E6A621A9B
:100250000094869CA66D9AB0E1FC31EF87EEE094A5
:100260005CC567C444C428E67FDBA8A0066C615A5D
:10027000E1841C892490AA00DCB331000DB53D6AED
:10028000570D1DCDE7B374F72EE022DED09B6C75C1
:1002900004107E06060B0330410626A63223ADC5A8
:1002A000C2E40C4B5B552CD9AF5A003C95798B9925
:1002B0009548F8675036AAEE3B69215BBC527BAB90
:1002C0000A88BE23945A49673309ACC0D4F901ADFA
:1002D0000045C5BAD97B88B6CCFC19AEC175890E6C
:1002E000428F0A927D48E4759A8DC478D3BDB16F70
:1002F000C2AB9515B288373BB0150DC3B980A206C5
:10030000DA4C4EB4189C4B5C32E4B18024EF0A0204
:100310008D79E80540BE6802BB186A8716E5583A31
:10032000315742191868548D88ABAC6B567F12CC8C
:10033000EE2DDA52F71B645127D4F41E7401EDFF41
:1003400000E1B71F6C7613BD7D1D58D974021332BE
:10035000856CEBD010E34F33E55AD8ACCFF871D9A8
:10036000C381C02A332BBBB35D72BAA8660A32833D
:10037000CE0228F59AD4454810F893427A903F3A35
:10038000A93573C42DCA18E5AFEB54C693BBEF95DE
:100390004C9587E245746F10FA8FD6ACED5D0E2553
:1003A0004C8FEF7ACF9A56AF9432A60FF7BD59090A
:1003B000BEB395635CCD1C528A8D81C78B9A6CDD70
:1003C0003AF98A9715797269EE818A89C4D2D94837
:1003D000B8C17983CE7C873A8FC4F8A9439537E6B4
:1003E0007A790F3AA3B8E58C9249EA77AED217B67C
:1003F000E4BDDE605C001D0C8EB047D0D3668CD0AF
:100400001A62267B04D7034191CB5AE1715CCD4B34
:1004100059D23A7AB672DFBB71BAFA3B516EEA3EF4
:100420007B1DBB70B12CC6492493EB4D9A3CC3A7EE
:10043000D4D0BDD51F169EF1F8D571E98D3671BFA8
:100440009164BA1F53CF6F300D2A16BA3ECAB1F568
:10045000851F5D7E948673B651EC58FCCC7E15A04A
:10046000B559598424FC7DD5FAB1FB097D9785E205
:10047000738AF57FA722A54BBA7FBEDED957F01548
:10048000D1866FBEFF00F55BF5AE7EDA97DE705E5B
:1004900033FF00C967D8F3C94DF843FB0695481CE4
:1004A00026E9D8B7F5AFE74AACFB643F147F37F4D1
:1004B00071F6497E197E5FECDFC547C661F303F92B
:1004C0006F52A2945206B19D023C06019F073398D9
:1004D00091B9E9FDF2AF25ED5704FF00D3713DEA74
:1004E0000230B79E1872B574C92239298247B8E420
:1004F0002BD9F89E0F9AE87AF3F41549C4F875BC25
:100500005D86B775732B2E420B7888DFBC1E60802A
:10051000679113D6A00C0E1CD4EC3A1660AA09629F
:1005200060000924F4006F59EC0A3E0B10D82C41EE
:1005300092BAD97E572D9DA3CF43F2239569F85ED9
:1005400037B9B998AE6195D1967292AEA51A187C5A
:100550002618C1A00B9C17080032B8271191992CBE
:1005600010CBB73248F1365960A3431B9DAAE70967
:100570008CB574ADE31689FF002AEB268AA58402A8
:10058000C07C2090191C6C520EC0D54BE1952C9B61
:1005900082D3D92A2DBD9BA6F67CE4B2C2080164A1
:1005A0002927C23C3975AADC5638BBB301933C6796
:1005B0005524293A1263A1619A3606802762F8C64B
:1005C0005626DA5B0E4CB3E5062E6AACF6586CACD8
:1005D00000683304923AD509A75CD32680058D4282
:1005E000C4B53B8EC6A5A52CE4003FBD2ABF8570CF
:1005F0000BFC50867CD87C19D9F67BBAC42F459D5C
:10060000336C3CE802B6DA5DC6DD36F083C208170B
:100610002F907BBB60F9F33A18035315B9E07C06C1
:10062000CF0D519016BACEAAF76339BAB724EBBEF4
:100630004B7009F31D489A9187B16ECAAD9C2A2A66
:100640002C5DB44AE56B68E8AA01BBAF898B1591B4
:10065000A9F093E42E785707C84BB8F13285B93F1B
:10066000EA6400293AF876D8731237A565A98C7E1A
:10067000F1382EBB34EFDD64B96D50A93AA4F766AA
:10068000750412496311279EF56F15130F8D5802DB
:1006900032C6823E1FF6A937AF054673B2A963E89A
:1006A000A093F855F0B233598B20EB2CE959EBC9E4
:1006B0009588E862B5FC22D1165337C65559CFEF5D
:1006C0003096F6930074028B17C2EDDDF8975FBC8D
:1006D000346F9F3F7AE6C87172399472624D01ABF4
:1006E0007E23C01EDEABE35EA06A3D47E62AA0D5AE
:1006F0006935CC5A4B0715CA991A11B1A997B8A9EF
:100700006746D405891C899F17D2A11A0ABA257C8D
:100710004D723975E49277249F9D3468CD01A622ED
:1007200052C62EDE23455627D207CCC0A63C6DBA52
:10073000C7AB08F92CD4B668AB6E19D96BB7E0BF5C
:10074000F949D48973E8A76F53F23555D5C6CDA6BC
:10075000DE3B16DF5E633A79CE0F35C567B5EFF540
:10076000E4676E2409678F4007E334D5A064C49121
:10077000A4663B6F266275D34DB4AF51E1DD9EB1E7
:1007800063E0405BEFB789CFF31DBD040A63B53C5E
:10079000305DC2DC854CEAA590B28D0A89E9CC486F
:1007A000F7A525A4A9C7854125DDCFCF9F963C4D50
:1007B00008DD745F139B6FBF97972F3CF81E6D9CED
:1007C0001FB44F92031F313F88AE66CBA8403A96C4
:1007D00060BF3893F3A2FDB209560360415D7A8889
:1007E000D4794FCAB975D5D6086DC1D05CE5AEEAEB
:1007F0003AC7CAACA1571F7629C5F72C2F8C965F34
:100800009498BDEEC97BD269AEF797F08ECBCE2817
:1008100035B6E4C4A8F4593F327F2A16B679BB1F17
:10082000703F014D8CA0CFF99EEB79BF1A238AB699
:10083000377CBFC4AC9F5602ADAABAA397A949F6AC
:100840006D27EB2C95D965B2C2D36576EF15E91CFF
:100850001CEE0756FEB7FD697ECE3CFF00ADFF00E3
:100860005A9B87C0B5C136C861CA0EFE84E9438A67
:10087000C15CB5FF00111967691A1F43B1F6AD1AC3
:100880005696C5FE3517E0908DAF555FFB8E4BC574
:10089000B1917186CF73FEADCFFCA950D2A6BD85B4
:1008A0005F8579228F6F6FE27E6CF4A8AEC57629E2
:1008B00045639BA03A48ACFE3B0CD6DF3AFA16687B
:1008C00081A46C791AD1C547C6E183AEA27CBAD4A3
:1008D00001E7FDB9ECA0C761C1B262F5A25EC3EC4D
:1008E00073082D6C93C8C0D79100F5AC6F67F8B74B
:1008F0007E8438CB750E4BA84410C343A72D8FBC04
:100900008E55EB013212ADAF40361D0C75FEE6BCC4
:10091000E3FC43ECFB616F7EDF86592B0314836697
:1009200053005C1F493E87EF5004806883544C2677
:10093000316EA2BA1956120FE47CF953AF7828250C
:100940008800733400EB1AA5E35DA24C3E9F15C3EB
:10095000A2A0D4C9DA6AB717DA1BB89BA30F8042EA
:10096000F71A751E5B913A01E66B51D99ECAD8C041
:1009700005C4629D6E5D7616DEE30916DDB502D014
:10098000D4968D736FA1D84C8037D9AEC39BAFFB83
:100990004F17D9077898524640A066CD7796DAE58A
:1009A000F9F4AD7E3316F8A3930FFE5DA65B4D669A
:1009B000F215F1C6F6D563C020159F68A670782B96
:1009C000D887018646B4D717B9CF992E5A7850D711
:1009D000348220B787687D3A56BF0B834C324093F0
:1009E000A923CB940E822079D7129C62B8A4F60278
:1009F000AEC702168672A017399904650E4962DEE9
:100A0000A4927CA4D3E6ADA45D43FDC1AAAB8B0444
:100A100083BD63EAA3EFAB23BA67436682F3936DAA
:100A2000D01D1D1D23F894ACFAEB46680D735B7165
:100A300079470CD5F04C5F7D86B373EFDAB6D1E61B
:100A4000CA091F5A9B598EC5DFCA6F58E48CB76D0F
:100A50008E897B312A3C85C4B9E8180AD3D6DC6577
:100A6000C4B248AAAB89F004BB257C0FD46C7D4787
:100A7000E756B4AA5AC90D27CCF3FC6E09ED3657D8
:100A800010797423A83CEA357A0E3702B790AB8D03
:100A9000391E60F5158EFF00D1986296C37DACCDEE
:100AA000987FCB51AB0F72ABE45BCAA318159D4D79
:100AB0003D8AC34E60F00F7DB2DB593CCF203AB186
:100AC000E5F8F954C3C159B14D610FC30CCDF750CE
:100AD000ECC4753B01CC83C818DA60702965025BF1
:100AE0001007CC9E649E66BBC910A5B7B95DC27BDA
:100AF000336ECC3378EE7DE23453FBABCBD77AB98F
:100B0000A54AA06D2C2C21540E3B8916F0D758F223
:100B100046E44EA440D0799A9F593EDE63582A5A43
:100B2000460334B302A5A408CA3461CE4FB5186F8A
:100B300065F5E644A4A2B32FAF2319FB58FBADFD26
:100B4000173F4AE1C6273561FC9747D6291B97070F
:100B5000D9B6DE8590FC8C8FAD76D62D58E565280C
:100B6000DD0E84C6F1B86F634A4D4AADEC9DABBF54
:100B700066BD32750E1B76AE153EEDD3F5C1DB5763
:100B8000ADBFC2D3D60868F51A114E3592048D4711
:100B900051F9F4A6F138356124061F7B6653EA3516
:100BA00053E86ADFB22C0DDEE6E6A482518C788031
:100BB000F891B9131AF9807A196EBB3515A56466D8
:100BC000AC83F8342D3AF4F6375CA0EB9F9A653588
:100BD00091DDB66B64A37DE4F093EA366F4604566C
:100BE0009F0BDACEFAD9B57D573813B782E28DC89C
:100BF00053B30912BE608E60577693848C3DE85FD4
:100C000081B55F2EABEDF8115458D309986E843836
:100C1000FE5F887BA961EF4EEA2A56D2E75ECF19C4
:100C20004C574F6CAAB542CE59C34595CB56C930E7
:100C3000CCBE597301E849A54C9A55E5174CEAD248
:100C4000C717A23D3BE89D2B79E1F567A44528AE87
:100C5000C528ADE32CE4528AEC528A00ACE2583D40
:100C600034D07D67A5535E50C855D44004053BBCC5
:100C7000E8CA41D0EFF88AD5B248D6A01E0CA5B379
:100C80003125B97491B1AE2C72506E1CF1B7892B1D
:100C900099F3FF001EC15DE117CE407F65BAC5AD77
:100CA000CEB90F343D08F3DC41DE6A2E12CE2B8B19
:100CB000300B36F0C1807BB97C23991CB3B47D9096
:100CC0007D62BE817C2AB7C4A0F5044FCC545C6F12
:100CD0000E050AA00A088855103A305889075AC0EC
:100CE000A7A6D6D1B23E2FFA2E952D72315C2B835A
:100CF00059C0DB6C3E1D55B1017BD48602EDF0205E
:100D0000C968D163C4BB6C40DC9AB9E1BC31AF3B6C
:100D10005C6322E05CE99A6DDA751FE8823EF16659
:100D2000CDBF8883E72F83F6799540BC5999080297
:100D3000E93371D64B105B7CB98C8E92455F058D83
:100D4000069E953ACE954FDCA5F8B08D7D6CE70EEA
:100D5000C3842AABCB49E7001DCD7713733313F25D
:100D6000F4A770E9398FEE903D4D4634A294953149
:100D70008BEB6DFF0004BE60E62363142F749DF5BA
:100D8000F5D6BA680D5906F915B00D36D4E1A6DAD4
:100D90009A814B1BB38A1631366F130B26D5C3C805
:100DA00025D8009F21756D19E4093D6B7B5E7F8816
:100DB00008CACAFF0009055BA411044D4CE0BDB48C
:100DC000EE90262C395510B89552C1D46C6E20F196
:100DD0008688960A54EA7C3B569516A4B0D9314DC4
:100DE0009B4A559FE3D7CDFB169AC1CCAF715BBB35
:100DF000CE6C3DE4018945260CEC6398154F88457F
:100E00007C2DB657C402B885B243DC75750D7406E7
:100E1000B6D94F8A0180C64C56942AE249E4AE56B0
:100E200070B6B06E280DA058340CC0100C6A0310B8
:100E30004807A12ABF21587E238B6C2E2AE9577CB4
:100E400089696D852ECC333D8B8C8753A9CF68097A
:100E5000DF5A97C130AE70EEACD72E3DBBB7D0276E
:100E60007A54B119143162C0F84CF3FB5D62BA7464
:100E700061673D872AECBC60D6ADA00920005A24EA
:100E8000C6A6341268EB34097164A5D7B975D6C308
:100E9000020B2AA22E5372E3ACC437884112498E4A
:100EA00044895C690B5FB4B91AE0EEEF128B70DB1A
:100EB000D435901A73098923DEB8F67BE3277C7B4F
:100EC0006705DD2AAFBD743235B9B96A135B90C0CE
:100ED00028813174E8480779E44F2A8DC2EF844BAA
:100EE000970E716598774185C76CB9402C06AC1593
:100EF0008C900FAE935CF0ED93AE2DF05C935E6B37
:100F0000C771DDF621DC195985FE15D047AEA7DE85
:100F1000AEF8D76BC3A14B00C3082EC0AE8770AA32
:100F200075F731596357D30C6EC43556A97BA81A8F
:100F30006AFD90E21B6F91046C41E4475A7684D3BA
:100F4000784F6621969E5163C17086E61AE336A5F6
:100F500056E2B1EA6DC907CA615BDEA0E0EF14BDDD
:100F60006586E2F5BF933046FF00B5D87BD5C60A4B
:100F7000E0B5C36E1E77AEBAAFA02118FF00FADB52
:100F8000E759F2DFE620E84B9F451A7FDCC959B5E7
:100F9000C23A5D3DAD72DF06AD9396A751576ED94B
:100FA000FDCBCED0637BD03C9BF1067F0159DC7F2B
:100FB000FC271D54AFBB7847D4D4DBCFA09E649FE1
:100FC000C87E7512E8CCC8BFBD98FA2411FF007620
:100FD0004FAD1A5B5D7A0F6B3EC6FD5E035352B395
:100FE0005DECE3DA97A2C928D2A23892BA00207F3A
:100FF00067EB4AB121D07A89454B2964D99F4CD1FE
:101000001935867A4C528A28A515B0220C528A28A6
:10101000A8F8FB64DB31CB5F61BD5764DC20E4964C
:10102000704A59781E8A51551631CCBCE4743AFD89
:101030006A45FC7E610BA75ACC5D2F438393CA7D22
:1010400085CE89278162B2E6D0EBCFA4D322856812
:1010500085793D45BED66E784B3D833158583A6808
:101060000D19A035C5644806A1344D426B42B296B5
:1010700001A0344699BF7C209631D06E49E800D457
:101080009F4A76054F73A68227411D4C980075260E
:10109000A3B77973FF006D7D8DC3EDB2FD4D1DAC1F
:1010A0003041A7B926493D4934DC399C4925CC8FCC
:1010B000880EE616028FB446A7CC29FCE2AE3B3977
:1010C000D995622F5E05C6E81F5CDFBE46D1D3E727
:1010D000D2A0DBB42E5EB36CED72E4379AAA3DD693
:1010E0001EE2DE5FE635BBAD0A294FDF60A6F18563
:1010F000B222E3F86A5F50B7013043290CCAC186B7
:10110000C4329041D4D349C0EC8B62D84F00717285
:101110003334E70D9831699267A9A9F4AB414A4984
:1011200063271C29EF8206238259B8CCCE925CDB60
:1011300066D5B536A72693A449F5E75C3C0ED6A440
:10114000065259DCB2BBAB4DC20DCF103306069B25
:10115000683A558556F1BE27DC0B407C572FD9B62F
:101160003D1AE2873FD248F71471CBB41C63D81AFA
:10117000F04B41B32875808216E5C458410A32AB62
:1011800001007954A6C3A970E47894328327662AB3
:101190005846DF617E5503B3DC57F68B44B477962F
:1011A000EE3DAB807DE43A1FE6528FFCD56950E4FA
:1011B000DF36092EA1AC56156EA323895610449133
:1011C000A7A8D6870D8416C1CA5CCFDFB8F73E59F1
:1011D000C98A7E951978C13859C98DED4767BBB961
:1011E000BB68783ED28FB27A8FDDFC3D36CC9AF563
:1011F00076504107507422BCC3896185BBD7106CFF
:10120000AC40F49D3E94D533CECCCDD554A2F897C6
:1012100059168181D944B12028EAC4C28F99146635
:10122000B931EBAFB4E87DE091EE699DF1B092C6C3
:101230007724F10C48392DA19B7694229FBC7EDB4C
:10124000FF003349F9557E117312FF007B45FE0103
:10125000307DE4B7A11D2B97BC47275D5BC97A7A27
:101260009DBE7D2A41303FBDAB175D9BEC8E8ABF92
:10127000193EC5F5BF8E0DCD162984B5967847C7A2
:10128000EB6F0C8171A4FD07A53585E773EF689FAF
:10129000C2363EF24FB8E95CBAB98E4EA258F45E3F
:1012A0007F3DBE7D29D769FCAB4255AB671A23F75A
:1012B0002186FF00EABF97F0ED11858EA84AE97DEF
:1012C000F9E52FE5FF000BE20D76A1DC7BB2728021
:1012D00004902403A0D26730DF7F7AE5352D545384
:1012E000C70CBF2BF9142D2C9ACF147F323D8629C1
:1012F0004576295659B209AEC555F1DB9A2AF5242F
:101300009F6D07E268F0FC60400C0CC6A743EF48F5
:10131000CB5D5C2D75CDE318DCB7D949C54910F11B
:10132000319CE510018FD6B829CC63AB34A73DFDC5
:101330007CA9B15E3F5292B6586B9F5721D8F241BB
:10134000AD10A11442946074D01A33406BBACE240D
:1013500003509A26A135A1594B00D322D00679F526
:101360003BC749E43CA9E34069D815300D3669C351
:101370004D9A6E052C65EFF7776C5CE497D337F0E8
:10138000DCCD658FB0BB3ED5BFAC0622C8756561AC
:101390002AC0823C8E86AC783F6A0D88B78C694D36
:1013A0009312741D32DFE4ADFBFA29D672989D3D8D
:1013B0003CD63859117D46BA950A5C0C010410756B
:1013C00004190475068A9B3B156178E711EFB13665
:1013D000483E15C461D57FEBDB04FB9FA455BF1FBE
:1013E000E3C0836ED199D1D86D1CD41E67A9FCF6D9
:1013F000CB5D5262342AF6DC7ADB7571FF00F35064
:101400002F659BA44DE13C4FF66C6E6262D5F6EE03
:10141000EE7457CC7B97F72C6D9FE24E95BFAF31A2
:10142000C45A0EACAC2430208EA0EF5A2ECAF69FC0
:10143000E1C3E29BFCD1E1B575B6BCBC813FF38052
:10144000DC7DAF88730BD3445367FC59ACA54A8548
:10145000EE051248006E4981F3A8190AB17DA0E09B
:101460006A19AEF7A173126181DCEB0B9753E91592
:10147000A3C7F1416D0B93083FA98F20A0FF007E09
:10148000DAD60B897116BEE59FD87251D07EB57D34
:101490003179CA14D54E2A387BB219A6AF5CCA2757
:1014A0007E40732790A719A049D00A6ADAC9CCDF19
:1014B000CA3981D7D4FD069D6BBD56A7D8C711592F
:1014C00093DA2BBFE48574BA6F6D2CC9E22B793E99
:1014D000EF9B3B66DE512752753E67F41B572EDCAF
:1014E00081275F2E649D80F3268C9A6ADF88E6E56B
:1014F000F63DF77F7D8796BCEABD3D0F4D0EDB259F
:10150000CDF7FC97D7348BAFBD6A67D95C792EEFE6
:101510009BFAE4CEDB4CA35F88EAC7CFA0F21B5155
:1015200028912223FB14C622E090B319B73CC28D48
:10153000E2399D87A93CA9CEFA07854C0EB0A001DF
:10154000EBA81ED556A2FBB4F8A74D0E29736F0D5C
:10155000EEFF0097E85DA7A2AD466ED44B85724BB7
:1015600038D97F0873BAAED159C492A083008D8850
:10157000FAFBEFEF4A905AFBF1BDF14FB31CBF48A5
:10158000F3D1519DA893EFCFF67A9455271BC5DC74
:1015900047015A148900687A1935DB9DA6CAC54DE2
:1015A000A2209065A0E9E515558BC59BB70B1D26BC
:1015B0002074007F7F3A575DAC83AF86B96F9EF48D
:1015C0005F4D3252CC96C74DC2C658927A9334E2E0
:1015D000D3294F2D79A9BCBDC6D8EAD38286CACB00
:1015E000007A8A351274E674F7DAAA7178C95B0852
:1015F000510A4F6CA9834855328B8B699C9D3406E8
:101600008CD01AEAB39601A12289A9D405066E6787
:10161000E0FCDBF4FF006AD2A6397DC53222B501B9
:10162000A363275A034DC0A98069B34EDC420C1D49
:101630003FB8A6CD39129672E5A20024100EC482DE
:1016400027D29A6AB4E1789048B57066463A03C8E2
:10165000F28A9C7B3884FC4D1D34FC629EAEBE2514
:10166000989C38E79194B78516E7BA2F6A753DD5EF
:10167000C7B409EA550807E54EB5E7221AEDD61DAD
:101680001AE311EE363EF34EE2A33B6510B240E79B
:10169000A0D29835745B2A6D8069DC36173C926065
:1016A00002013C86690A4FEEC8827948A68D5B76B6
:1016B00069433BA3090D6CC8EBA8FD6AE895A597A3
:1016C00082AF19817B461D48E8791F43CEA15EB4E5
:1016D0001C1560181DC1123E55BEC35A9536AE800A
:1016E000D976244E64FB2DEA363E63CEA0E27B27FA
:1016F0006D8CA164F2F887D75FAD5C9932A1F38954
:1017000093B58ABA832ADFBC17A77ACD1E40B4915D
:10171000F3ABFECD70E676EFAF33B44F77DE3BBE72
:10172000A742C33130234D3AF954CC2F64ADA99769
:1017300062FE51957DF524D5D85A9725D4775D530F
:10174000CE66CC5F6B3165EFE4E48008F360093F5F
:10175000503DAA8CD5BF6A2D65C4BF98523FA40FD7
:10176000C41AA16F1E9F6799FBDE43F77AF5F4DE7A
:10177000D76AAE09F37D4BADB15753B6C7D497378F
:10178000D491C1E333F646DFBC7AFA74EBBF4A71F9
:101790008D1536E790F9F4A29A5C1BBADDE6FD17C9
:1017A00062FADC2EBB8D2A6ADA0BD7BDFD6C36FEE1
:1017B000291F647C5E7FBBE9D7CB4E7A161DF337B9
:1017C0002962022980C7CE3CFA7A572E22E5860389
:1017D0002C6B3B46FAD72CD9E710392C47B9F3FCD0
:1017E0003D692E949BAEBCB9E1BECE6FB93EA5DA81
:1017F000FAFD07BA2E0ACB30A194BB792EF7DAFB9B
:101800001757A93715862BCC187642011F672F8BE7
:10181000CC124EBE550715649000CB04EA0CEA07C3
:101820002D3913F81A9B85C2B5D70882589802A3A0
:10183000DCDCCE91A4748E547466A2CD5275F0A5F2
:1018400004B1D797F1CF9B3AE91D3D7A66ACCB73D3
:101850006F3D585F0FD90D4BF55FE83FF952A2A5D8
:101860005A1FE95A4FC1FBFCC47FD4F55F8FD17C6E
:101870008D6717E282F3F85400340C478CFBF21E9C
:101880005512D89DAA3A55D767C2779E33E2D90739
:1018900029333AF58DABC33CEA2DF79F33D5492A5E
:1018A000E1B750C612CE73947C476E9D60D5CE17BB
:1018B000829C843E849111AC44FEB5616B8722B159
:1018C000655863EBCF781B0A9115ADA7E8C8477B35
:1018D000777BF863E62165EDFDD335391FC26729B3
:1018E000DFD2ACB879B6CD3961F78D63D453F6F851
:1018F0005287CDBEFE1311AD494B0ABF0803D0017C
:1019000054E93A3EDAE7C52C633CB9FC53EA0B2DA7
:101910004D6C55711726E472111EE26A30AB9C4E75
:1019200004399D41EA2A2633039002B31CFAFAFADD
:10193000566F48747DFC73B9EEB9FC3FA3AAEC8ED8
:1019400012211A0346680D645658C0352F1033DB38
:1019500052B272C869D489E7E9A545614E60F13D8C
:10196000DB83CB63E95ADA692598CB93D9F714481E
:101970008A6A570BC1E7793F0AEA7D790AB87E1B6C
:101980006DB5CA3DA47E14FDBB41442881D056DD0F
:101990003A1719664D60A5BC955C4B8796B7980FB2
:1019A0001296D3AA9663F9CFCEA84D6D62A33F0CD1
:1019B000B6C64A09FEF96D4CD9A6E27989C3450736
:1019C00007C217BA1A3C2A649E52361EB315A4B831
:1019D0006149E809F90A34B61440000E8040AE911E
:1019E0004C575F02C0258304680D4FE2BC38D9789C
:1019F000FB27E13E5D3D4540354A58D8564B009A9D
:101A0000B7ECAACDE63D10FD597F4AA8CB2606A724
:101A1000A73AD6F67F861B284B8867824740361E3A
:101A2000BA9357C48AD66459C5762BB14A2BB1C331
:101A3000914A2BA6ABEF5B388F08256CFDA2346B67
:101A40009E4A775B7D4EEDCA06A796F04A5933BD94
:101A5000A3C33631B361D4B25B055DC6CE67E0B7D0
:101A6000CDA24C91E82B39115EA76AC8550AA00592
:101A70000200020003600553717ECAA5E25D0E47B5
:101A80003BE92A4F52391F3156D0D45E67CFF6EE6C
:101A900015D4D6E6B10E5D9DBDE610D0455E5FEC77
:101AA0008E2176556FE161F8341A1C3F64B10E60E7
:101AB000A041CCB30FC0124D3CA71E79335D5672C6
:101AC000E165358E1AF7EE225B3ACEC5647F11D7F9
:101AD00061BFFBC56C2CF61107C776E37900883F20
:101AE000027EB56FC1F81A619617563F139DCF90CD
:101AF000E83CAAC62B3B535D574F89C73E26BE958F
:101B0000DB4D7C3929BB3BC212C872ABA9B97173DA
:101B10001259B22B90A24F2D2B3DDB2E11DDDCEFA5
:101B200054781CF8BC9F9FCF7F59ADD45358AC223A
:101B3000DD528E254EE3FBF9D5954FD93CC5617634
:101B400011757ED63893DFB4F22362752CE0F40C65
:101B5000001F4AED6B6FF60DF31C97132CE99B36B3
:101B600068F38114A9DFF03DDC9F9CBE667E2F5B8D
:101B700028AF28FC88982B799D41D8913E93AFD20D
:101B80006B5B84E036D5C5C5248DC0E53D7AFB523C
:101B9000A55E4BA3EA84F2E4B383D2EAA4D630CBA9
:101BA00048A514A956E19E28A514A950028A514AB5
:101BB0009500453C352498DF94E9ED4D2F0859D424
:101BC000923A7FBD2A549BD0E9DBCF023BE3976872
:101BD000E62F868B911E1204794748AAABFC35D7B5
:101BE000903E608FCE952AAF53A3AA599E30FB81B9
:101BF00049F22E7056C8B6A1B703FF00AFA453F147
:101C00004A953D08F0C523814528A54ABA014528D3
:101C1000A54A801BBF875752AE010791A80DD9CBAB
:101C200027EC91E8CDF9D2A551844349F3256138D9
:101C30006DBB5F02807AEE7E675A9314A954929628
:101C40000514A2952A000B96436876E9C8FAF51E9A
:101C500054714A950028A514A950028A514A95004A
:101C600028A514A950028A514A950028A54A950032
:101C70007FFFD92F53544D3332463278375F666930
:101C80006C65732F53542E67696600485454502F67
:101C9000312E3020323030204F4B0D0A5365727692
:101CA00065723A206C7749502F312E332E3120281F
:101CB000687474703A2F2F736176616E6E61682E4E
:101CC0006E6F6E676E752E6F72672F70726F6A65BA
:101CD0006374732F6C776970290D0A436F6E746596
:101CE0006E742D747970653A20696D6167652F6730
:101CF00069660D0A0D0A474946383961FE023A0005
:101D0000F70000FFFFFFF8FBFFF6FAFFF7F7F7EF2A
:101D1000F6FEF2F6FAEFEFEFEEEEF7E8ECEFE6EFB5
:101D2000F8E0EFFFE6E6E6E2E4E7D3E5F9CDE4FE2E
:101D3000DEDEEFDEDEDEDEE1E5D0DEEDD8DEE5BEC6
:101D4000DDFED6D6D6CDD5DFC6D3E2BAD7F7CECE16
:101D5000E7BDD6F2CCCCCCADD4FEBCCDDFACCFF65B
:101D6000C5C5C599CCFFAAC8E9A5C9F0BABADD991D
:101D7000C6F7BDBDBD8FC4FEA8C0DAB5B5B59AB86B
:101D8000D989BBF08FBAE881BCFCAAAAD5B1B0B0A2
:101D9000ABAAAA81B1E58CB0D874B5FC7BB3F06C6A
:101DA000B2FDA4A4A482ADDD78AAE19999CC6DAE70
:101DB000F361ACFC78A8DB99999967A7EC6DA6E470
:101DC00059A7FC6B9ED5619BD957A1F04CA1FD8B07
:101DD0008BC55C9CE2439CFC5E98D84797ED339999
:101DE000FF5694D84B93E14196F17C7CBE4D8DD447
:101DF0003399FF3989E0318BED7575BA278DFC2B4E
:101E00008AF2248CFC3787DF3187E46A6AB522873F
:101E1000F51685FC1282FC327FD36565B21B7BE42C
:101E20000A7EFC0A7BF60978EF1972D35858AC1376
:101E300074DC0977EE0973E60970DF0F6ED4545431
:101E4000AA096EDC096BD64A4AA54444A244448FD1
:101E50003D3D9E3333993030832020902020791AE5
:101E60001A8F1010881010700C0C84000082000073
:101E70007F0000750000660000560000430000333C
:101E80000000210000000000000000000000000031
:101E90000000000000000000000000000000000042
:101EA0000000000000000000000000000000000032
:101EB0000000000000000000000000000000000022
:101EC0000000000000000000000000000000000012
:101ED0000000000000000000000000000000000002
:101EE00000000000000000000000000000000000F2
:101EF00000000000000000000000000000000000E2
:101F000000000000000000000000000000000000D1
:101F100000000000000000000000000000000000C1
:101F200000000000000000000000000000000000B1
:101F300000000000000000000000000000000000A1
:101F40000000000000000000000000000000000091
:101F50000000000000000000000000000000000081
:101F60000000000000000000000000000000000071
:101F70000000000000000000000000000000000061
:101F80000000000000000000000000000000000051
:101F90000000000000000000000000000000000041
:101FA0000000000000000000000000000000000031
:101FB0000000000000000000000000000000000021
:101FC0000000000000000000000000000000000011
:101FD0000000000000000000000000000000000001
:101FE00000000000000000000000000000000000F1
:101FF00000000000000000000000000000000000E1
:102000000000002C00000000FE023A000008FF0063
:1020100001081C48B0A0C18308132A5CC8B0A1C342
:102020008710234A9C48B1A2C58B18336ADCC8B11B
:10203000A3C78F20438A1C49B2A4C9932853AA5C22
:10204000C9B2A5CB973063CA9C49B3A6CD9B387360
:10205000EADCC9B3A7CF9F40830A1D4AB4A8D1A325
:1020600048932A5DCAB4A9D3A750A34A9D4AB5AAEA
:10207000D5AB58B36ADDCAB5ABD7AF60C38A1D4BC9
:10208000B6ACD9B368D3AA5DCBB6ADDBB770E3CA43
:102090009D4BB7AEDDBB78F3EADDCBB7AFDFBF80DA
:1020A0001F06183CA0B0E1C388131B1E4C58716179
:1020B000C601024B9E4CB932DB00862D6BDECCB9DB
:1020C000B3C9063E428B1E4DBAB4E9D3A5450C8078
:1020D00000614064CFB063CB9EBDB0C89A336672D6
:1020E000EBDECDBBB7EFDFBB452CD800C1C000DABB
:1020F000C8932BB7FC808C993060A24B9F4EBDBA21
:10210000F5EBD2A700A8F0A1F8F1E5E0C38BFFAF93
:10211000EB434D982FE8D3AB5FCFBEBD7BF52C06CC
:102120007CD8B0A030ED052878F0A85182018AFF54
:1021300000A260C07F0B08B4C17F002CC0030A1B43
:1021400055C043050E0D5001841529C8E078186666
:10215000C85002CE8181DE16208628E28824966847
:10216000E216552400410915D4F75D6C0AF2F0021D
:102170000A353CA8DF8DFAC5C8E000370230E0061A
:102180000D3EE8908516FDA8E1914812B4821A65CB
:1021900068A103070A4429E594545669E59551CA94
:1021A000C72202F6C9E6600DDF55F05D7E14C6C891
:1021B00083011FF468E4762EE857C2801F5420E0A4
:1021C00080FA092850052FEC07A183100EB0418D2D
:1021D0002F4060609E3554D0660D284C98E8070C5F
:1021E000D2B9A001001CF8418D280CB0A6A16E6EDA
:1021F00057E38249762A9B156730E1C049ABA1B00D
:102200004104C6BD169B83FAB9F001A40291FF29CF
:102210009099256CCA43829C42B0DF06699AC9C373
:1022200002799650828C00E8FA4205352EC067A4E8
:102230000B6EB09F9F32CA89C2A189B2AA1F00C18A
:102240000EFB0200F921AA5F8BB9EE9AA6832E70CD
:102250005783A7E872A6811A421040EA028CB6D8CA
:10226000E56CCEE25820B742E28A429E3CA4792B2C
:1022700091C3526880822ECC4A2CB6BF0ECB2299D5
:10228000CBD6B8C106792E50E3770373BA1D0F4041
:10229000E2BA2DC2F8FDCA2CB80C062C90015FB230
:1022A000F862BA284BB6C41502A0640004AE7A776F
:1022B000326C860DF76DACF95AF8A5AEFF729ADF55
:1022C000BDFA1A7CE1CFF9B900E08442D609A00139
:1022D000D70E44E4C5655A4CB4C77C12F9F34003E9
:1022E000E4A71F982977FD57026A6080D200081C76
:1022F000489F71C8E1D92204355228ABBE12421062
:1023000063D069965058094FF37826D33CC8FFC76D
:1023100083DD12220D619E7D6E6000E109D2C783CC
:102320000B852D0B80DE06F09D35D50F1259F7DD9C
:10233000130E20B1C75E77AE970F5718E4D8E8F3B5
:10234000624D3A7E25C89C368E0B8E99B3C5B8F681
:10235000BC23BF39C25EAF7E400E40FB83CBB26D63
:10236000AFEF75EACD7BBECCDE08E4D55573AA3B52
:102370008ED62EEEF9F3770540C60C05916DC1059A
:10238000D867AFFDF61748904041064CC0BD041217
:1023900090ECC2060CA49A1CC91302ED637D02697D
:1023A0000EEBE30B14287FFC135660DC02F327D8F6
:1023B0003ED6F96B8DE6BE13B816E12F738F9B5096
:1023C000E4E0E7B4FFBDEF3803BC5F0215B89AFC48
:1023D00041EF827411811A48003E1BA0010D640870
:1023E000A108474842328880209A730208490805AC
:1023F000346DA974188CA10C671811289C81830472
:102400003180129814861EFAF08740A482BBFF0622
:1024100062800EACC10C65002209E0E41D55D1F0CC
:1024200089508C220024A00633C8A07A1AF0828733
:10243000DEB31E10A070014730CF7AB4530116B935
:10244000488A684C23068B70863050C18902D1407F
:1024500016B8A89E2A0C716416108319B6981E131C
:102460000C4058AA53A32007892E0EED110C1E38DC
:10247000480398C0C7F7B0E08B36584319D6A30578
:102480000244C054FC9B192137C949F0C08049E877
:10249000A142010E52002134B23D0D406104B870DA
:1024A0008653EA00001F78A1263B49CB5A76660086
:1024B00057D8637A72801001F4E094EA1902F84E5A
:1024C0002049F6500001A642956B6CC9CC666A267D
:1024D00004A04C0F18A887901900133D1CF8E20EB9
:1024E000CFA39E24444A96CE0CA738FFB28436AEC2
:1024F000070C2A80E340ACC99E24B48C8817408323
:102500002ED503823F76477DE3CCA73EE942FFC547
:1025100079AA270C3350A7407EB91E137C7107623D
:10252000ACA300CA28AF59EEF3A110354B39B9C995
:102530009E30F460940639C015F8A80505E47002D1
:10254000AC3CA50C020048E33834A2284DE95610F3
:1025500050C56BA2070C48C0280A433049F4BC920E
:102560002008484131D7A300FC9C6D992A0DAA5040
:10257000B30203737211A6DF2B0802368A1E0A7C8F
:10258000D109AD5C8F116009CEA15AF5AA5019800E
:1025900017FCF91E3044219539BCC124A79AC30EFB
:1025A000C8F3941C809332058AD5B6BA35281E88A4
:1025B000261DBFE0D53BFA28057BF422D616008401
:1025C00084A6878C6684E15B074BD89DD8D0A5EEA6
:1025D000F128115370862CD8357C7A3C657C4A7082
:1025E0004FC116F6B2988D89073CC081CE7AF6B3FA
:1025F000A0E58053B186001B9CE18AA48DC14ED317
:10260000B3050240009368CBAC6C675B9414FF9EEB
:1026100001ACF15B4048D7F303AA42804B27A5AD3C
:1026200070874B130358000D48502A31CD60CC1FE2
:10263000A50FA8C48DAE746332B0308A6DAF4EF072
:102640002B7ABCB981AA4EF7BBE075D902549BDC4A
:10265000B29E753D1CB06713C3CBDEF68264000CDE
:10266000D8C16D1299C32068F70B806DA87BF7CB9A
:10267000DFF891EEBF08588112849083C81CC60011
:1026800037E8410F74C06006A7F703950D6E7F27EA
:102690002C5BCDD52F0218CEB08637CCE10820E0D8
:1026A000002066C086F95780129B986425A08F652C
:1026B00029CCE2CC6AAE020F8B65090244E31A070B
:1026C000485833B6310A70CCE31407B2C5409EAD0A
:1026D000A5EAC79AFC19F9C8484EB292939C4909D9
:1026E00007F9C96D2D4CE4A64CE52A53190158CEC3
:1026F000B296B7CC65044CF931500EB38BFF4BE664
:10270000323B86AD624EF35521C3E636BBD91CCCB5
:1027100087618C9AE74CE73ADBF9CE78CEB39EF727
:10272000CCE73EFBF9CF80364A4000003B2F5354A4
:102730004D3332463278375F66696C65732F6C6F44
:10274000676F2E6A7067000000485454502F312E76
:102750003020323030204F4B0D0A5365727665724F
:102760003A206C7749502F312E332E31202868744F
:1027700074703A2F2F736176616E6E61682E6E6F82
:102780006E676E752E6F72672F70726F6A656374F5
:10279000732F6C776970290D0A436F6E74656E74C0
:1027A0002D747970653A20696D6167652F6A70656F
:1027B000670D0A0D0AFFD8FFE000104A464946009F
:1027C000010101012C012C0000FFE100684578693E
:1027D00066000049492A000800000004001A0105AB
:1027E00000010000003E0000001B01050001000088
:1027F0000046000000280103000100000002000064
:102800000031010200110000004E00000000000035
:10281000002C010000010000002C0100000100005C
:10282000005061696E742E4E45542076332E352E3D
:102830003400AFFFDB004300030202030202030384
:10284000030304030304050805050404050A070738
:1028500006080C0A0C0C0B0A0B0B0D0E12100D0EB9
:10286000110E0B0B1016101113141515150C0F1754
:102870001816141812141514FFDB00430103040486
:1028800005040509050509140D0B0D141414141481
:1028900014141414141414141414141414141414F8
:1028A00014141414141414141414141414141414E8
:1028B00014141414141414141414141414FFC00055
:1028C0001108003900600301220002110103110107
:1028D000FFC4001F0000010501010101010100000A
:1028E0000000000000000102030405060708090AB1
:1028F0000BFFC400B5100002010303020403050529
:1029000004040000017D01020300041105122131BD
:10291000410613516107227114328191A1082342AB
:10292000B1C11552D1F02433627282090A16171808
:10293000191A25262728292A3435363738393A43B3
:102940004445464748494A535455565758595A637F
:102950006465666768696A737475767778797A836F
:102960008485868788898A92939495969798999A70
:10297000A2A3A4A5A6A7A8A9AAB2B3B4B5B6B7B88E
:10298000B9BAC2C3C4C5C6C7C8C9CAD2D3D4D5D6BA
:10299000D7D8D9DAE1E2E3E4E5E6E7E8E9EAF1F2FB
:1029A000F3F4F5F6F7F8F9FAFFC4001F010003018C
:1029B000010101010101010100000000000001020C
:1029C000030405060708090A0BFFC400B51100023D
:1029D0000102040403040705040400010277000156
:1029E00002031104052131061241510761711322BE
:1029F000328108144291A1B1C109233352F015620A
:102A000072D10A162434E125F11718191A2627283D
:102A1000292A35363738393A434445464748494AE2
:102A2000535455565758595A636465666768696ABE
:102A3000737475767778797A8283848586878889B6
:102A40008A92939495969798999AA2A3A4A5A6A7DB
:102A5000A8A9AAB2B3B4B5B6B7B8B9BAC2C3C4C507
:102A6000C6C7C8C9CAD2D3D4D5D6D7D8D9DAE2E333
:102A7000E4E5E6E7E8E9EAF2F3F4F5F6F7F8F9FA5F
:102A8000FFDA000C03010002110311003F00FD53A7
:102A9000A28A28012BE45F89DFB5678934AF1D6AFC
:102AA000D63E1D7B2FECAB497ECF1BCB06F2ECBC98
:102AB0003B673D0B038F6C57BEFC72F1DFFC2BDFD5
:102AC000871A9EA313EDBF957ECB663B999F20117D
:102AD000FEE8CB7FC06BC47E13FEC8D16A7A641A4D
:102AE000B78CE7B88E49C09134C81B63283C8F353A
:102AF000B9393FDD18C773D87D96474F0187A53C8C
:102B00007664AF1F862AD7BBDDB4BCB4D76D4FCD7A
:102B100038A6BE6D8DC452CAF25938CFE39C93B229
:102B20008ADA29BF3D5DB7D16870FF00F0D75F102A
:102B30003FE7AE9BFF00809FFD7A3FE1AEBE207F66
:102B4000CF5D37FF00013FFAF5F46AFECB7F0D55EC
:102B500040FF00847DCE3B9BEB8E7FF1FA5FF865F2
:102B6000CF869FF42F3FFE075C7FF1CAF6FF00B6C9
:102B70007877FE811FFE031FFE48F97FF56B8CFFFF
:102B800000E860BFF039FF00F227CE3FF0D75F10BA
:102B90003FE7AE9BFF00809FFD7A3FE1AEBE207F06
:102BA000CF5D37FF00013FFAF5F477FC32E7C34F02
:102BB000FA179FFF0003AE3FF8E51FF0CB9F0D3FD4
:102BC000E85E7FFC0EB8FF00E3947F6CF0EFFD023F
:102BD0003FFC063FFC907FAB5C67FF004305FF00B6
:102BE00081CFFF00913E71FF0086BAF881FF003D62
:102BF00074DFFC04FF00EBD1FF000D75F103FE7ADA
:102C0000E9BFF809FF00D7AFA3BFE1973E1A7FD015
:102C1000BCFF00F81D71FF00C728FF00865CF86943
:102C2000FF0042F3FF00E075C7FF001CA3FB6787AE
:102C30007FE811FF00E031FF00E483FD5AE33FFA33
:102C4000182FFC0E7FFC89F38FFC35D7C40FF9EBEE
:102C5000A6FF00E027FF005EBE86FD9CFC6FE2BF82
:102C600088DE1DBDD6FC44F6E2D9A6F26CD6083C3F
:102C7000BDDB7EFB1E4E464803FDD3563FE1973E2B
:102C80001A7FD0BCFF00F81D71FF00C72BD13C3B61
:102C9000E1DD3FC27A2DAE93A55B8B4D3ED57645E7
:102CA0000862DB4649EA4924E49393EB5E2E6D9972
:102CB00065588C3FB3C0E1F924DEED25A7959BFF55
:102CC00000863E9B87B23E20C1E33DBE6B8CF694EE
:102CD000D2768A949DDF9DD2D12BFCEC695145615F
:102CE000F8DFC536DE09F09EA9AE5DE3C9B281A565
:102CF000DB9C6F6FE15FA96C0FC6BE3E1095492843
:102D0000415DBD11FA455AB0A14E556A3B4629B600
:102D1000FB25B9E17F117C496FE3DFDA4FC1FE107B
:102D20002C24D374998DC4E87957B81199707D70AB
:102D30001147FC09857D19349E4C3249B59B62963A
:102D4000DAA324E07415F9B5A1F8EF50D23C7F6DF9
:102D5000E2C76FB46A097BF6C97271E612D975F6DB
:102D600004123F1AFD0EF07F8C34BF1D787ED757BA
:102D7000D26E56E2D275CF1F791BBA30ECC3B8AF12
:102D8000B5E23CB2797D3C3452BC231B5FA735DBF6
:102D90007F7DF4F4F23F2FE0ACF2966F571B393B86
:102DA0005594F992EBC964A3FF0080DB5F5F33E6C3
:102DB000CB9FDB6EF23B89553C231045620096F4B5
:102DC00086033DC6CEB51FFC36F5FF00FD0A76FF33
:102DD00000F81CDFFC45759FB41FECDF1F8B56E32A
:102DE000C45E188121D6C02F7166B855BBF523B0DB
:102DF00093F46EFCF27E3B9E096D679219A36866A0
:102E00008D8A3C6EA559581C1041E8457D5E55974A
:102E10006459AD1F694A8DA4B75CD2BA7F7EDD9933
:102E2000F01C419CF166418A746BE22F17F0C94691
:102E3000166BFF0001D1F75D3D2CCFA63FE1B7AF88
:102E4000FF00E853B7FF00C0E6FF00E22BD27E0888
:102E50007C7AD53E306B57D6CDE1E874EB1B384316
:102E6000CB74B72643BD8E1100DA3AE18F5FE1AF34
:102E700086ABEFAFD9B7C03FF082FC32B1F3E3D9F4
:102E8000A86A7FE9D7191C8DC06C53F45C71EA4DB8
:102E900070F1165995E5983E6A54AD393B2D65F3AE
:102EA0007BF6FCCF538333CCFB3CCC942BE21BA5AD
:102EB00005797BB157E895D47ABFC133B6F1DF8B82
:102EC000ADBC0BE11D535DBA1BA2B284C81338F32D
:102ED0001FA2A67FDA6207E35F35FF00C36F5F7F43
:102EE000D0A76FFF0081CDFF00C455BFDB37C7DF20
:102EF000F20BF085B49FF4FB7814F6E446A7FF00CC
:102F00001E6C7FBB5F2C8058800649ED4F87787B15
:102F10000B88C12C46361CCE4F4D5AB2F935BEFE39
:102F2000961719718E3F0799BC1E595796305696C1
:102F300089DE4F57BA7B68BD6E7DDFF02FE35EA957
:102F4000F186E35379B428B4CD3EC9557CF49CC8CE
:102F50005E46E8A32A3A0049FA8F5AF5EAF3FF00E1
:102F6000817E02FF008579F0DB4BD3A58C25F4CB65
:102F7000F6ABCE39F35C0241FF00746D5FF80D7A59
:102F8000057E77993C3BC5D4FAA47969A765BBDB7C
:102F90004BEBDF73F65C9238C8E5F45E613E6AADD8
:102FA0005E4EC96AF5B5924B4D82BE5EFDB3BC7BE9
:102FB000E55B697E11B697E6948BDBC0A7F84644C3
:102FC0006A7EA7737FC056BEA035F217C44FD9CB17
:102FD000E2278FBC69AB6BB30D347DAE626346BB39
:102FE0003948C708BF77B2802BD8E1B585863957F5
:102FF000C5CD4630D55FABE9F76FF71F37C6CF1D9C
:10300000532B784CBE94A72A8ECF955ED1DDFDFB65
:103010007A367CDF5DD7C27F8B7ABFC28D745DD973
:1030200031B8D3E6205DD83B61265F51E8C3B37F5A
:1030300031C5767FF0C83E3EF4D33FF028FF00F163
:10304000347FC320F8FBD34CFF00C0A3FF00C4D7DC
:10305000EB15F35CA3154E546B568B8BDD5CFE7C3D
:10306000C2643C4581AF1C4E1B0D52338EA9A5FD99
:103070007CD753EBFF0002F8EF48F889E1F8356D93
:103080001EE04D6F270E8DC3C4FDD1C7623FFAE32A
:1030900020D78B7ED51F05ECB56D02EFC63A5C0BD1
:1030A00006AB64A1EF1631817110E0B11FDE51CE85
:1030B0007B8073D0543FB3EFC08F19FC34F1949AE6
:1030C00086A77D6B6FA5BC0C935ADBCE64F3DBF84F
:1030D000723000DA79CF5EDDCD7B3FC55BEB6D3BB7
:1030E000E1AF8A27BA204234DB8520F7263200FC84
:1030F0004903F1AFC9D4A19566B079755E78DD6DED
:10310000D537AC5F7FE9EE7F41CA1533FC82A2CE92
:10311000687B39A4EF7E8D2D26BAAFF875AADFE162
:103120009F81DE033F10FE24697A6C91EFB189BE66
:10313000D579C71E5210483FEF1DABFF0002AFD03C
:103140005D42FEDF45D32E6F2E64582D6D6269A45B
:1031500073D1514124FE42BC27F63FF00FF617828F
:10316000EE7C457316DBBD5DF11161CAC08481FF41
:10317000007D36E3EE02D4BFB5EF8FBFE11EF03421
:103180003A05B49B6F3597DB20079581082DF99D93
:10319000ABEE3757AD9CD496779CC70549FBB17C05
:1031A000BFAC9FCBF43E7F8668D3E16E1AA999D756
:1031B0005EFCD73FE908FCEF7FFB78F933C7BE2DF3
:1031C000B8F1D78C756D76E721EF272EA8C7EE20D2
:1031D000E117F05007E15D9FECE1E01FF84EFE269D
:1031E000D809E3DFA769BFE9B7391C1DA46C53F503
:1031F0006C71E80D796D7DC7FB28F807FE113F87DC
:1032000029AA5C47B2FF005A61727239108E221FE0
:103210008825BFE075F759F62E395658E14B46D749
:103220002C7EEFD17E363F28E12CBA79FE791A98B0
:103230008F7945BA937DF5BFE326BE573DA80C0AAA
:103240005A28AFC14FEB70A28A2800A28A28023BFD
:103250008996DA092560ECA8A5888D0BB1006780F6
:103260003249F61CD7CD7F18757F197C62D5F4FFE3
:103270000009E91E19D6B49F0CCD7518BAD42F2CAD
:103280009E2F346E1F31C8F9517EF60F2481D3185A
:10329000AFA628AF4B038C581A9ED9414A4B6BF40A
:1032A0007DEDD5AE87899B65B2CD68FD59D570831C
:1032B000F8924AF25DAFD13EB629E93A5DBE87A4E5
:1032C000DA69F69188AD6D6158628C7F0AA8C01FDB
:1032D00090AF8B7E3B787BC73F117E246A5A843E39
:1032E00015D6E5D3E03F64B322C6420C484FCC3834
:1032F000FE2259BFE055F6F515D595E693CAEBCBFE
:1033000011182949AB6B7EBB9C19F6414F3DC2C3D6
:10331000073A8E104EF68DB5B2B25E88FCFCF03FD7
:10332000C07F166BFE2ED2AC352F0F6A9A769F3473
:10333000EBF69BAB8B578D1221CB7CC4601C020734
:10334000B915F7F5B5BC7676D1410A2C71448111D7
:1033500014602A8180054B45699BE735B389C255C6
:10336000528A8EC979EECC78738670DC394EA468A7
:1033700049C9CDABB76BE9B2D3E7F78514515F3ECE
:103380007D81FFD9433A2F55736572732F53617353
:1033900068612F53544D3332437562652F52657007
:1033A0006F7369746F72792F53544D333243756262
:1033B000655F46575F46325F56312E392E352F50A6
:1033C000726F6A656374732F4E55434C454F2D469B
:1033D0003230375A472F4170706C69636174696F7E
:1033E0006E732F4C7749502F4C7749505F48545497
:1033F000505F5365727665725F4E6574636F6E6E73
:103400005F52544F532F5372632F65746865726E09
:10341000657469662E6300417373657274696F6EBB
:103420002022257322206661696C65642061742006
:103430006C696E6520256420696E2025730A00453D
:10344000746849660048545450002564003C70720A
:10345000653E3C62723E4E616D652020202020203A
:1034600020202020537461746520205072696F728F
:103470006974792020537461636B2020204E756D30
:10348000003C62723E2D2D2D2D2D2D2D2D2D2D2DFF
:103490002D2D2D2D2D2D2D2D2D2D2D2D2D2D2D2D5C
:1034A0002D2D2D2D2D2D2D2D2D2D2D2D2D2D2D2D4C
:1034B0002D2D3C62723E003C62723E3C62723E2D9B
:1034C0002D2D2D2D2D2D2D2D2D2D2D2D2D2D2D2D2C
:1034D0002D2D2D2D2D2D2D2D2D2D2D2D2D2D2D2D1C
:1034E0002D2D2D2D2D2D2D2D2D2D2D2D003C6272B0
:1034F0003E42203A20426C6F636B65642C20522060
:103500003A2052656164792C2044203A2044656C4D
:10351000657465642C2053203A2053757370656E72
:103520006465643C62723E00474554202F00474565
:1035300054202F53544D3332463278375F66696CCE
:1035400065732F53542E67696600474554202F53E7
:10355000544D3332463278375F66696C65732F732A
:10356000746D33322E6A70656700474554202F53BF
:10357000544D3332463278375F66696C65732F6C11
:103580006F676F2E6A706700474554202F53544D64
:103590003332463278375441534B532E68746D6C36
:1035A00000474554202F53544D3332463278372E3E
:1035B00068746D6C00474554202F20002F34303440
:1035C0002E68746D6C0053746172740049444C45EC
:1035D000000925630925750925750925750D0A005A
:1035E000433A2F55736572732F53617368612F537C
:1035F000544D3332437562652F5265706F73697431
:103600006F72792F53544D3332437562655F46575D
:103610005F46325F56312E392E352F4D6964646C0A
:103620006577617265732F54686972645F50617267
:1036300074792F4C7749502F7372632F6170692F03
:103640006170695F6C69622E63006E6574636F6E92
:103650006E5F636C6F73653A20696E76616C696446
:1036600020636F6E6E006E6574636F6E6E5F726561
:1036700063763A20696E76616C696420706F696E5A
:10368000746572006E6574636F6E6E5F72656376EB
:103690003A20696E76616C696420636F6E6E006EAD
:1036A0006574636F6E6E5F726563763A20696E76DD
:1036B000616C696420726563766D626F7800627513
:1036C0006620213D204E554C4C0066726565696E42
:1036D0006720636F6E6E20776974686F75742066FB
:1036E000726565696E672070636200636F6E6E203D
:1036F000686173206E6F20726563766D626F78000B
:10370000636F6E6E2D3E6163636570746D626F787A
:103710002073686F756C646E2774206578697374A4
:1037200000636F6E6E20686173206E6F206F705F34
:10373000636F6D706C65746564006E6574636F6E45
:103740006E5F676574616464723A20696E76616C5D
:10375000696420636F6E6E006E6574636F6E6E5F7A
:10376000676574616464723A20696E76616C69643D
:103770002061646472006E6574636F6E6E5F67656E
:1037800074616464723A20696E76616C6964207059
:103790006F7274006E6574636F6E6E5F62696E64E3
:1037A0003A20696E76616C696420636F6E6E006E9C
:1037B0006574636F6E6E5F636F6E6E6563743A20DF
:1037C000696E76616C696420636F6E6E006E6574FD
:1037D000636F6E6E5F646973636F6E6E6563743A78
:1037E00020696E76616C696420636F6E6E006E6531
:1037F00074636F6E6E5F6C697374656E3A20696E88
:1038000076616C696420636F6E6E006E6574636FC1
:103810006E6E5F6163636570743A20696E76616C89
:10382000696420706F696E746572006E6574636F91
:103830006E6E5F6163636570743A20696E76616C69
:10384000696420636F6E6E006E6574636F6E6E5F89
:1038500073656E643A20696E76616C696420636F8B
:103860006E6E006E6574636F6E6E5F7772697465FD
:103870003A20696E76616C696420636F6E6E006ECB
:103880006574636F6E6E5F77726974653A20696EF6
:1038900076616C696420636F6E6E2D3E747970651D
:1038A00000433A2F55736572732F53617368612F0C
:1038B00053544D3332437562652F5265706F73698F
:1038C000746F72792F53544D3332437562655F467E
:1038D000575F46325F56312E392E352F4D6964645D
:1038E0006C6577617265732F54686972645F5061AB
:1038F0007274792F4C7749502F7372632F617069FE
:103900002F6170695F6D73672E6300726563765F08
:10391000756470206D757374206861766520612010
:1039200070636220617267756D656E7400726563A5
:10393000765F756470206D7573742068617665209C
:10394000616E20617267756D656E74007265637675
:103950005F7564703A207265637620666F722077B7
:10396000726F6E67207063622100636F6E6E20213C
:103970003D204E554C4C00636F6E6E2D3E6375724C
:1039800072656E745F6D736720213D204E554C4CFF
:1039900000696E61766C6964206F705F636F6D7033
:1039A0006C657465645F73656D00636F6E6E2D3E4C
:1039B00063757272656E745F6D7367203D3D204E56
:1039C000554C4C00636F6E6E2D3E737461746520B0
:1039D0003D3D204E4554434F4E4E5F434F4E4E4566
:1039E00043540028636F6E6E2D3E63757272656E70
:1039F000745F6D736720213D204E554C4C29207C0F
:103A00007C20636F6E6E2D3E696E5F6E6F6E5F62BF
:103A10006C6F636B696E675F636F6E6E6563740076
:103A2000626C6F636B696E6720636F6E6E65637443
:103A3000207374617465206572726F7200636F6EBB
:103A40006E2D3E7374617465203D3D204E45544398
:103A50004F4E4E5F575249544500636F6E6E2D3E78
:103A60007063622E74637020213D204E554C4C00D3
:103A7000636F6E6E2D3E77726974655F6F666673F5
:103A80006574203C20636F6E6E2D3E6375727265A7
:103A90006E745F6D73672D3E6D73672E772E6C6548
:103AA0006E006C7769705F6E6574636F6E6E5F64D5
:103AB0006F5F77726974656D6F72653A20696E76B3
:103AC000616C6964206C656E677468210074686954
:103AD0007320697320666F7220746370206E657442
:103AE000636F6E6E73206F6E6C7900636F6E6E2005
:103AF0006D75737420626520696E207374617465DE
:103B0000204E4554434F4E4E5F434C4F534500703B
:103B1000636220616C726561647920636C6F7365A8
:103B20006400436C6F73696E672061206C69737405
:103B3000656E20706362206D6179206E6F742066FF
:103B400061696C2100726563765F746370206D75C6
:103B500073742068617665206120706362206172F1
:103B600067756D656E7400726563765F746370204F
:103B70006D757374206861766520616E206172676F
:103B8000756D656E7400726563765F7463703A205C
:103B90007265637620666F722077726F6E67207031
:103BA000636221006E6574636F6E6E5F616C6C6F33
:103BB000633A20756E646566696E6564206E65742F
:103BC000636F6E6E5F7479706500504342206D754F
:103BD0007374206265206465616C6C6F63617465E9
:103BE00064206F75747369646520746869732066F6
:103BF000756E6374696F6E00726563766D626F785F
:103C0000206D757374206265206465616C6C6F63F0
:103C100061746564206265666F72652063616C6CB7
:103C2000696E6720746869732066756E6374696F66
:103C30006E006163636570746D626F78206D75737B
:103C400074206265206465616C6C6F636174656487
:103C5000206265666F72652063616C6C696E6720B7
:103C6000746869732066756E6374696F6E006E6543
:103C700074636F6E6E207374617465206572726F09
:103C80007200616C72656164792077726974696E23
:103C900067206F7220636C6F73696E670073746165
:103CA00074652100496E76616C6964206E65746389
:103CB0006F6E6E2074797065006D73672D3E6D7345
:103CC000672E772E6C656E20213D203000696E7660
:103CD000616C6964206E6574636F6E6E5F74797079
:103CE0006500433A2F55736572732F536173686192
:103CF0002F53544D3332437562652F5265706F7385
:103D000069746F72792F53544D3332437562655F16
:103D100046575F46325F56312E392E352F4D696436
:103D2000646C6577617265732F54686972645F5063
:103D3000617274792F4C7749502F7372632F6170C1
:103D4000692F6E65746275662E63006E65746275A8
:103D5000665F616C6C6F633A20696E76616C696452
:103D60002062756600636865636B20746861742007
:103D7000666972737420706275662063616E206874
:103D80006F6C642073697A65006E65746275665F36
:103D9000667265653A20696E76616C696420627549
:103DA00066006E65746275665F7265663A20696E5C
:103DB00076616C696420627566006E657462756612
:103DC0005F636861696E3A20696E76616C69642030
:103DD00068656164006E65746275665F63686169D9
:103DE0006E3A20696E76616C6964207461696C005A
:103DF0006E65746275665F646174613A20696E769F
:103E0000616C696420627566006E65746275665FD8
:103E1000646174613A20696E76616C6964206461E2
:103E20007461707472006E65746275665F6461744B
:103E3000613A20696E76616C6964206C656E006E13
:103E400065746275665F6E6578743A20696E766136
:103E50006C696420627566006E65746275665F6683
:103E6000697273743A20696E76616C696420627558
:103E70006600433A2F55736572732F5361736861FF
:103E80002F53544D3332437562652F5265706F73F3
:103E900069746F72792F53544D3332437562655F85
:103EA00046575F46325F56312E392E352F4D6964A5
:103EB000646C6577617265732F54686972645F50D2
:103EC000617274792F4C7749502F7372632F617030
:103ED000692F74637069702E630074637069705F1A
:103EE0007468726561643A20696E76616C696420F9
:103EF0006D65737361676500496E76616C696420F6
:103F00006D626F78006661696C656420746F206310
:103F100072656174652074637069705F746872653E
:103F20006164206D626F78006661696C65642074FD
:103F30006F20637265617465206C6F636B5F74637F
:103F40007069705F636F7265005443502F49500071
:103F5000433A2F55736572732F53617368612F5302
:103F6000544D3332437562652F5265706F736974B7
:103F70006F72792F53544D3332437562655F4657E4
:103F80005F46325F56312E392E352F4D6964646C91
:103F90006577617265732F54686972645F506172EE
:103FA00074792F4C7749502F7372632F636F72654A
:103FB0002F697076342F646863702E6300646863C1
:103FC000705F6F7074696F6E5F73686F72743A20A0
:103FD000646863702D3E6F7074696F6E735F6F7588
:103FE000745F6C656E202B2032203C3D204448439A
:103FF000505F4F5054494F4E535F4C454E006468DC
:1040000063705F6F7074696F6E3A20646863702DBF
:104010003E6F7074696F6E735F6F75745F6C656E01
:10402000202B2032202B206F7074696F6E5F6C65BF
:104030006E203C3D20444843505F4F5054494F4E02
:10404000535F4C454E00646863705F6F7074696FB6
:104050006E5F627974653A20646863702D3E6F709C
:1040600074696F6E735F6F75745F6C656E203C2052
:10407000444843505F4F5054494F4E535F4C454E58
:1040800000646863705F6F7074696F6E5F747261F3
:10409000696C65723A206468637020213D204E553A
:1040A0004C4C00646863705F6F7074696F6E5F740E
:1040B0007261696C65723A20646863702D3E6D733D
:1040C000675F6F757420213D204E554C4C0A00648B
:1040D0006863705F6F7074696F6E5F747261696C32
:1040E00065723A20646863702D3E6F7074696F6EFC
:1040F000735F6F75745F6C656E203C20444843505D
:104100005F4F5054494F4E535F4C454E0A00646810
:1041100063705F6F7074696F6E5F6C6F6E673A206B
:10412000646863702D3E6F7074696F6E735F6F7536
:10413000745F6C656E202B2034203C3D2044484346
:10414000505F4F5054494F4E535F4C454E0064688A
:1041500063705F6372656174655F6D73673A206E4B
:104160006574696620213D204E554C4C006468639F
:10417000705F6372656174655F6D73673A20646830
:10418000637020213D204E554C4C00646863705F85
:104190006372656174655F6D73673A20646863700C
:1041A0002D3E705F6F7574203D3D204E554C4C0088
:1041B000646863705F6372656174655F6D73673AAD
:1041C00020646863702D3E6D73675F6F7574203D6A
:1041D0003D204E554C4C00646863705F63726561AE
:1041E00074655F6D73673A20636865636B207468FC
:1041F00061742066697273742070627566206361F1
:104200006E20686F6C6420737472756374206468C8
:1042100063705F6D736700646863705F64656C658D
:1042200074655F6D73673A206468637020213D2078
:104230004E554C4C00646863705F64656C657465D2
:104240005F6D73673A20646863702D3E705F6F75B1
:104250007420213D204E554C4C00646863705F64AF
:10426000656C6574655F6D73673A20646863702D73
:104270003E6D73675F6F757420213D204E554C4C29
:1042800000646863705F62696E643A206E65746989
:104290006620213D204E554C4C00646863705F627F
:1042A000696E643A206468637020213D204E554C4D
:1042B0004C00646863705F696E635F7063625F7215
:1042C0006566636F756E7428293A206D656D6F722F
:1042D00079206C65616B00646863705F7063625F16
:1042E000726566636F756E7428293A20726566631D
:1042F0006F756E74206572726F72007265706C7982
:10430000207761736E2774206672656564006C6542
:104310006E203D3D2034006C656E203E3D2064657E
:10432000636F64655F6C656E006C656E203D3D205B
:1043300031006F7665726C6F616420696E2066690A
:104340006C652F736E616D6500636865636B2064D7
:1043500065636F64655F696478006E65787420706A
:1043600062756620776173206E756C6C006E657483
:10437000696620616C72656164792068617320618F
:10438000207374727563742064686370207365743D
:1043900000646863705F73746F703A206E6574694F
:1043A0006620213D204E554C4C006E657469662098
:1043B0006973206E6F742075702C206F6C6420738D
:1043C00074796C6520706F72743F0070627566203E
:1043D000705F6F7574207761736E277420667265E5
:1043E000656400433A2F55736572732F5361736888
:1043F000612F53544D3332437562652F5265706F90
:104400007369746F72792F53544D333243756265FB
:104410005F46575F46325F56312E392E352F4D6934
:1044200064646C6577617265732F54686972645F48
:1044300050617274792F4C7749502F7372632F63D8
:104440006F72652F697076342F6574686172702E93
:104450006300636865636B207468617420666972C9
:10446000737420706275662063616E20686F6C647F
:1044700020737472756374206574686172705F680C
:104480006472006E657469662D3E6877616464725B
:104490005F6C656E206D757374206265207468654D
:1044A0002073616D65206173204554485F48574112
:1044B0004444525F4C454E20666F722065746861BB
:1044C000727021006172705F7461626C655B695D1E
:1044D0002E71203D3D204E554C4C006172705F7432
:1044E00061626C655B695D2E7374617465203D3D2E
:1044F000204554484152505F53544154455F454D07
:10450000505459006574685F72657420213D204ED7
:10451000554C4C2026262069705F72657420213D21
:10452000204E554C4C0069706164647220213D201E
:104530004E554C4C006574685F72657420213D20B7
:104540004E554C4C006E657469662D3E687761640B
:1045500064725F6C656E203D3D204554485F48574E
:10456000414444525F4C454E006172705F74616219
:104570006C655B6172705F6964785D2E73746174E1
:1045800065203E3D204554484152505F53544154AC
:10459000455F535441424C45006E6F207061636B20
:1045A00065742071756575657320616C6C6F7765D6
:1045B000642100433A2F55736572732F53617368FA
:1045C000612F53544D3332437562652F5265706FBE
:1045D0007369746F72792F53544D3332437562652A
:1045E0005F46575F46325F56312E392E352F4D6963
:1045F00064646C6577617265732F54686972645F77
:1046000050617274792F4C7749502F7372632F6306
:104610006F72652F697076342F69636D702E630039
:10462000636865636B207468617420666972737473
:1046300020706275662063616E20686F6C6420690B
:10464000636D70206D6573736167650069636D707C
:104650005F696E7075743A206D6F76696E6720724F
:104660002D3E7061796C6F616420746F2069636D99
:104670007020686561646572206661696C65640AB2
:104680000069636D705F696E7075743A207265734E
:10469000746F72696E67206F726967696E616C20F2
:1046A000702D3E7061796C6F6164206661696C6524
:1046B000640A00433A2F55736572732F5361736810
:1046C000612F53544D3332437562652F5265706FBD
:1046D0007369746F72792F53544D33324375626529
:1046E0005F46575F46325F56312E392E352F4D6962
:1046F00064646C6577617265732F54686972645F76
:1047000050617274792F4C7749502F7372632F6305
:104710006F72652F697076342F6970342E63007064
:104720002D3E726566203D3D203100636865636BF8
:104730002074686174206669727374207062756693
:104740002063616E20686F6C64207374727563748B
:104750002069705F68647200433A2F557365727305
:104760002F53617368612F53544D33324375626523
:104770002F5265706F7369746F72792F53544D3374
:1047800032437562655F46575F46325F56312E3958
:104790002E352F4D6964646C6577617265732F5493
:1047A000686972645F50617274792F4C7749502F39
:1047B0007372632F636F72652F697076342F69701F
:1047C000345F667261672E630073616E697479206D
:1047D000636865636B206C696E6B6564206C6973DC
:1047E00074007072657620213D20697072007072CD
:1047F00065762D3E6E657874203D3D2069707200AF
:1048000070627566735F6672656564202B20636CE9
:10481000656E203C3D203078666666660069705F94
:1048200072656173735F70627566636F756E742015
:104830003E3D20636C656E0070637220213D204E0A
:10484000554C4C00636865636B20667261676D65EB
:104850006E747320646F6E2774206F7665726C615E
:1048600070006E6F2070726576696F757320667266
:1048700061676D656E742C2074686973206D757343
:10488000742062652074686520666972737420669E
:104890007261676D656E74210073616E6974792051
:1048A000636865636B0076616C69646174655F64FD
:1048B0006174616772616D3A6E6578745F7062757C
:1048C00066213D4E554C4C006970345F66726167DD
:1048D000282920646F6573206E6F74207375707063
:1048E0006F7274204950206F7074696F6E73006925
:1048F000705F6672616728293A204D4620616C72AC
:1049000065616479207365740074686973206E65ED
:104910006564732061207062756620696E206F6E19
:10492000652070696563652100433A2F5573657290
:10493000732F53617368612F53544D333243756243
:10494000652F5265706F7369746F72792F53544D70
:104950003332437562655F46575F46325F56312E8C
:10496000392E352F4D6964646C6577617265732FDC
:1049700054686972645F50617274792F4C77495042
:104980002F7372632F636F72652F6D656D2E6300D9
:104990006661696C656420746F206372656174651B
:1049A000206D656D5F6D75746578006D656D5F6612
:1049B0007265653A2073616E697479206368656316
:1049C0006B20616C69676E6D656E74006D656D5FFF
:1049D000667265653A206C6567616C206D656D6F08
:1049E0007279006D656D5F667265653A206D656D03
:1049F0002D3E7573656400706C75675F686F6C65DC
:104A0000733A206D656D203E3D2072616D00706CC3
:104A100075675F686F6C65733A206D656D203C202B
:104A200072616D5F656E6400706C75675F686F6C56
:104A300065733A206D656D2D3E75736564203D3D4F
:104A4000203000706C75675F686F6C65733A206D1D
:104A5000656D2D3E6E657874203C3D204D454D5F63
:104A600053495A455F414C49474E4544006D656D79
:104A70005F7472696D3A206C6567616C206D656D5D
:104A80006F7279006D656D5F7472696D2063616E20
:104A9000206F6E6C7920736872696E6B206D656D26
:104AA0006F7279006D656D5F6D616C6C6F633A203C
:104AB000216C667265652D3E75736564006D656D6C
:104AC0005F6D616C6C6F633A20616C6C6F636174D5
:104AD0006564206D656D6F7279206E6F7420616200
:104AE0006F76652072616D5F656E642E006D656D19
:104AF0005F6D616C6C6F633A20616C6C6F636174A5
:104B00006564206D656D6F72792070726F7065726B
:104B10006C7920616C69676E65642E006D656D5FF0
:104B20006D616C6C6F633A2073616E697479206398
:104B30006865636B20616C69676E6D656E740043B8
:104B40003A2F55736572732F53617368612F5354F5
:104B50004D3332437562652F5265706F7369746FA0
:104B600072792F53544D3332437562655F46575FF8
:104B700046325F56312E392E352F4D6964646C658F
:104B800077617265732F54686972645F50617274E3
:104B9000792F4C7749502F7372632F636F72652F93
:104BA0006D656D702E63006D656D705F6D616C6C11
:104BB0006F633A206D656D702070726F7065726CF6
:104BC0007920616C69676E6564006D656D705F6604
:104BD0007265653A206D656D2070726F7065726CDC
:104BE0007920616C69676E656400696E76616C69D5
:104BF0006420706F6F6C2064657363006D656D7009
:104C00005F6D616C6C6F633A2074797065203C2035
:104C10004D454D505F4D4158006D656D705F66723A
:104C200065653A2074797065203C204D454D505F94
:104C30004D415800433A2F55736572732F5361737A
:104C400068612F53544D3332437562652F5265703E
:104C50006F7369746F72792F53544D333243756299
:104C6000655F46575F46325F56312E392E352F4DE0
:104C70006964646C6577617265732F5468697264E6
:104C80005F50617274792F4C7749502F7372632F84
:104C9000636F72652F6E657469662E63004E6F20B8
:104CA000696E69742066756E6374696F6E206769DA
:104CB00076656E00433A2F55736572732F53617397
:104CC00068612F53544D3332437562652F526570BE
:104CD0006F7369746F72792F53544D333243756219
:104CE000655F46575F46325F56312E392E352F4D60
:104CF0006964646C6577617265732F546869726466
:104D00005F50617274792F4C7749502F7372632F03
:104D1000636F72652F706275662E6300696E6372D1
:104D2000656D656E745F6D61676E6974756465202D
:104D30003C3D20702D3E6C656E00626164207062A7
:104D40007566207479706500706275665F616C6C61
:104D50006F6365645F637573746F6D3A206261643D
:104D60002070627566206C6179657200706275668C
:104D70005F667265653A2073616E6520747970654F
:104D800000706275665F667265653A20702D3E72CE
:104D90006566203E20300070632D3E637573746F2E
:104DA0006D5F667265655F66756E6374696F6E20B0
:104DB000213D204E554C4C00706275665F616C6CF5
:104DC0006F633A206261642070627566206C61795D
:104DD000657200636865636B20702D3E7061796C4D
:104DE0006F6164202B20702D3E6C656E20646F65B2
:104DF00073206E6F74206F766572666C6F772070AB
:104E00006275660072656D5F6C656E203C206D6139
:104E1000785F7531365F7400706275665F616C6CC7
:104E20006F633A207062756620712D3E7061796CF7
:104E30006F61642070726F7065726C7920616C694B
:104E4000676E656400706275665F616C6C6F633A73
:104E5000206572726F6E656F75732074797065006E
:104E6000706275665F7265616C6C6F633A2070206A
:104E7000213D204E554C4C00706275665F72656135
:104E80006C6C6F633A2073616E6520702D3E74798F
:104E9000706500706275665F7265616C6C6F633A15
:104EA000207120213D204E554C4C006D656D5F7486
:104EB00072696D2072657475726E65642071203D33
:104EC0003D204E554C4C0070627566207265662020
:104ED0006F766572666C6F7700286820213D204EE2
:104EE000554C4C2920262620287420213D204E5543
:104EF0004C4C29202870726F6772616D6D6572204D
:104F000076696F6C61746573204150492900702D7A
:104F10003E746F745F6C656E203D3D20702D3E6C5D
:104F2000656E20286F66206C6173742070627566F0
:104F300020696E20636861696E2900702D3E6E6580
:104F40007874203D3D204E554C4C00702D3E746FC2
:104F5000745F6C656E203D3D20702D3E6C656E204B
:104F60002B20712D3E746F745F6C656E00702D3E4A
:104F7000746F745F6C656E203D3D20702D3E6C65D6
:104F80006E00706275665F636F70793A207461724B
:104F9000676574206E6F742062696720656E6F7537
:104FA000676820746F20686F6C6420736F7572631C
:104FB00065006F66667365745F746F203C3D20709A
:104FC0005F746F2D3E6C656E006F66667365745F0F
:104FD00066726F6D203C3D20705F66726F6D2D3E76
:104FE0006C656E00705F746F20213D204E554C4CF7
:104FF00000706275665F636F7079282920646F6541
:1050000073206E6F7420616C6C6F77207061636BBE
:105010006574207175657565732100706275665FD2
:10502000636F70795F7061727469616C3A20696E48
:1050300076616C69642062756600706275665F6394
:105040006F70795F7061727469616C3A20696E7615
:10505000616C69642064617461707472007062755F
:10506000665F74616B653A20696E76616C69642075
:1050700062756600706275665F74616B653A20697F
:105080006E76616C69642064617461707472007022
:105090006275665F74616B653A20627566206E6F3B
:1050A00074206C6172676520656E6F75676800704B
:1050B0006275665F74616B653A20696E76616C69D2
:1050C00064207062756600646964206E6F7420638A
:1050D0006F707920616C6C2064617461007062751E
:1050E000665F636F7079206661696C656400433A3E
:1050F0002F55736572732F53617368612F53544D2D
:105100003332437562652F5265706F7369746F72C5
:10511000792F53544D3332437562655F46575F466E
:10512000325F56312E392E352F4D6964646C6577A8
:10513000617265732F54686972645F50617274792B
:105140002F4C7749502F7372632F636F72652F74E2
:1051500063702E630070636220213D204E554C4CDD
:10516000007463705F62696E643A2063616E206FE1
:105170006E6C792062696E6420696E20737461744C
:105180006520434C4F534544007463705F6C6973F2
:1051900074656E3A2070636220616C726561647937
:1051A00020636F6E6E6563746564006E65775F7211
:1051B00063765F616E6E5F776E64203C3D20307871
:1051C0006666666600646F6E27742063616C6C208F
:1051D0007463705F72656376656420666F72206CBD
:1051E000697374656E2D70636273007463705F72AF
:1051F00065637665643A206C656E207772617070C5
:105200006564207263765F776E640A00696E76610A
:105210006C696420736F636B65742073746174656B
:1052200020666F7220726563762063616C6C6261C8
:10523000636B00696E76616C696420736F636B6584
:105240007420737461746520666F722073656E7468
:105250002063616C6C6261636B00696E76616C697E
:105260006420736F636B657420737461746520666A
:105270006F72206572722063616C6C6261636B0097
:10528000696E76616C696420736F636B65742073FB
:105290007461746520666F7220706F6C6C0074634B
:1052A000705F736C6F77746D723A206163746976A6
:1052B00065207063622D3E737461746520213D200A
:1052C000434C4F5345440A007463705F736C6F77AF
:1052D000746D723A20616374697665207063622D23
:1052E0003E737461746520213D204C495354454EF2
:1052F0000A007463705F736C6F77746D723A20612B
:105300006374697665207063622D3E7374617465A1
:1053100020213D2054494D452D574149540A0074E0
:1053200063705F736C6F77746D723A206D6964643B
:105330006C652074637020213D207463705F61632D
:10534000746976655F70636273007463705F736C19
:105350006F77746D723A206669727374207063623D
:10536000203D3D207463705F6163746976655F7092
:10537000636273007463705F736C6F77746D723AFD
:105380002054494D452D57414954207063622D3EAC
:105390007374617465203D3D2054494D452D57413E
:1053A0004954007463705F736C6F77746D723A2048
:1053B0006D6964646C652074637020213D207463A2
:1053C000705F74775F70636273007463705F736C97
:1053D0006F77746D723A20666972737420706362BD
:1053E000203D3D207463705F74775F70636273006B
:1053F000756E73656E74207365676D656E7473206A
:105400006C65616B696E6700756E61636B656420C6
:105410007365676D656E7473206C65616B696E672B
:10542000007063622D3E666C6167732026205446CF
:105430005F5258434C4F53454400646F6E277420AD
:1054400063616C6C207463705F61626F72742F743F
:1054500063705F6162616E646F6E20666F72206C54
:10546000697374656E2D70636273007463705F633B
:105470006F6E6E6563743A2063616E206F6E6C7937
:1054800020636F6E6E6563742066726F6D20737437
:1054900061746520434C4F5345440053594E5F534C
:1054A000454E540053594E5F5243564400455354A1
:1054B00041424C49534845440046494E5F57414993
:1054C000545F310046494E5F574149545F320043B3
:1054D0004C4F53455F5741495400434C4F53494E3D
:1054E00047004C4153545F41434B0054494D455F85
:1054F0005741495400433A2F55736572732F5361D6
:105500007368612F53544D3332437562652F526572
:10551000706F7369746F72792F53544D33324375C2
:1055200062655F46575F46325F56312E392E352F02
:105530004D6964646C6577617265732F5468697234
:10554000645F50617274792F4C7749502F73726386
:105550002F636F72652F7463705F696E2E630074C2
:1055600063705F726563656976653A2077726F6E06
:1055700067207374617465007063622D3E736E649E
:105580005F71756575656C656E203E3D2070627556
:10559000665F636C656E286E6578742D3E702900B9
:1055A0007463705F726563656976653A2076616CD5
:1055B0006964207175657565206C656E6774680037
:1055C000696E7365672E7020213D204E554C4C004E
:1055D000696E73616E65206F666673657421007015
:1055E00062756620746F6F2073686F72742100702B
:1055F0006275665F686561646572206661696C6585
:1056000064007463705F726563656976653A2073E0
:1056100065676D656E74206E6F74207472696D6D50
:10562000656420636F72726563746C7920746F2097
:105630007263765F776E640A007463705F7265638D
:10564000656976653A207463706C656E203E2072E1
:1056500063765F776E640A00702D3E6E6578742005
:10566000213D204E554C4C00702D3E6C656E203D0A
:105670003D203000702D3E746F745F6C656E203D70
:105680003D20702D3E6E6578742D3E746F745F6C96
:10569000656E007463705F696E7075743A20616343
:1056A00074697665207063622D3E73746174652041
:1056B000213D20434C4F534544007463705F696E35
:1056C0007075743A20616374697665207063622D29
:1056D0003E737461746520213D2054494D452D571A
:1056E000414954007463705F696E7075743A20614B
:1056F0006374697665207063622D3E7374617465AE
:1057000020213D204C495354454E007463705F691D
:105710006E7075743A207063622D3E6E65787420E9
:10572000213D2070636220286265666F7265206388
:105730006163686529007463705F696E7075743A9F
:10574000207063622D3E6E65787420213D20706369
:105750006220286166746572206361636865290050
:105760007463705F696E7075743A2054494D452DAD
:1057700057414954207063622D3E737461746520F3
:105780003D3D2054494D452D5741495400746370A7
:105790005F696E7075743A207063622D3E73746138
:1057A000746520213D20434C4F5345440070636293
:1057B0002D3E736E645F71756575656C656E203E18
:1057C0002030006E6F207365676D656E7420746F96
:1057D0002066726565007063622D3E6C6973746546
:1057E0006E65722D3E61636365707420213D204EAD
:1057F000554C4C007063622D3E726566757365642E
:105800005F64617461203D3D204E554C4C00433A2D
:105810002F55736572732F53617368612F53544D05
:105820003332437562652F5265706F7369746F729E
:10583000792F53544D3332437562655F46575F4647
:10584000325F56312E392E352F4D6964646C657781
:10585000617265732F54686972645F506172747904
:105860002F4C7749502F7372632F636F72652F74BB
:1058700063705F6F75742E63006E65656420756E6E
:10588000636861696E6564207062756600702D3EA4
:10589000746F745F6C656E203E3D206F70746C6534
:1058A0006E00636865636B2074686174206669725A
:1058B000737420706275662063616E20686F6C641B
:1058C00020737472756374207463705F686472000F
:1058D0007463705F77726974653A20617267203D06
:1058E0003D204E554C4C202870726F6772616D6D73
:1058F00065722076696F6C61746573204150492927
:10590000007463705F77726974653A2070627566BF
:1059100073206F6E207175657565203D3E20617442
:10592000206C65617374206F6E6520717565756597
:10593000206E6F6E2D656D707479007463705F7783
:10594000726974653A206E6F207062756673206F9D
:105950006E207175657565203D3E20626F7468200C
:1059600071756575657320656D707479006D7373FD
:105970005F6C6F63616C20697320746F6F20736D4F
:10598000616C6C00696E636F6E73697374656E74BD
:10599000206F76657273697A652076732E20737036
:1059A00061636500696E636F6E73697374656E74AD
:1059B000206F76657273697A652076732E206C6528
:1059C0006E007463705F77726974653A20524F4D50
:1059D0002070627566732063616E6E6F74206265FD
:1059E000206F76657273697A656400756E73656E93
:1059F000745F6F76657273697A65206D69736D6126
:105A000074636820287063622D3E756E73656E74D2
:105A1000206973204E554C4C29007463705F777277
:105A20006974653A20636865636B207468617420EB
:105A3000666972737420706275662063616E206897
:105A40006F6C642074686520636F6D706C6574653D
:105A5000207365676C656E006F76657273697A6531
:105A6000203D3D203000707265765F7365672021B0
:105A70003D204E554C4C007463705F7772697465BD
:105A80003A2063616E6E6F7420636F6E636174653C
:105A90006E617465207768656E207063622D3E7557
:105AA0006E73656E7420697320656D70747900740F
:105AB00063705F77726974653A20657874656E7398
:105AC000696F6E206F66207265666572656E6365CC
:105AD000207265717569726573207265666572659D
:105AE0006E6365007463705F77726974653A2076DF
:105AF000616C6964207175657565206C656E67748D
:105B000068007463705F656E71756575655F666C5E
:105B10006167733A206E65656420656974686572B3
:105B2000205443505F53594E206F72205443505FAE
:105B300046494E20696E20666C616773202870723A
:105B40006F6772616D6D65722076696F6C617465E7
:105B5000732041504929007463705F656E717565EB
:105B600075655F666C6167733A20636865636B2077
:105B7000746861742066697273742070627566203F
:105B800063616E20686F6C64206F70746C656E006A
:105B90007365672D3E746370686472206E6F742045
:105BA000616C69676E6564007463705F656E7175C2
:105BB0006575655F666C6167733A20696E76616CC6
:105BC0006964207365676D656E74206C656E6774BB
:105BD00068007463705F656E71756575655F666C8E
:105BE0006167733A20696E76616C696420717565CE
:105BF0007565206C656E67746800646F6E2774202D
:105C000063616C6C207463705F6F75747075742061
:105C1000666F72206C697374656E2D7063627300B9
:105C2000525354206E6F7420657870656374656498
:105C300020686572652100433A2F55736572732F92
:105C400053617368612F53544D3332437562652F2E
:105C50005265706F7369746F72792F53544D33327C
:105C6000437562655F46575F46325F56312E392E67
:105C7000352F4D6964646C6577617265732F546864
:105C80006972645F50617274792F4C7749502F7339
:105C900072632F636F72652F74696D656F757473AE
:105CA0002E63007379735F74696D656F75743A2044
:105CB00074696D656F757420213D204E554C4C2CD8
:105CC00020706F6F6C204D454D505F5359535F549A
:105CD000494D454F555420697320656D70747900A6
:105CE000433A2F55736572732F53617368612F5355
:105CF000544D3332437562652F5265706F7369740A
:105D00006F72792F53544D3332437562655F465736
:105D10005F46325F56312E392E352F4D6964646CE3
:105D20006577617265732F54686972645F50617240
:105D300074792F4C7749502F7372632F636F72659C
:105D40002F7564702E6300706275665F68656164AC
:105D50006572206661696C65640A00636865636BDF
:105D6000207468617420666972737420706275664D
:105D70002063616E20686F6C642073747275637445
:105D8000207564705F68647200433A2F55736572C2
:105D9000732F53617368612F53544D3332437562CF
:105DA000652F5265706F7369746F72792F53544DFC
:105DB0003332437562655F46575F46325F56312E18
:105DC000392E352F4D6964646C6577617265732F68
:105DD00054686972645F50617274792F4C774950CE
:105DE0002F7372632F6E657469662F6574686572B0
:105DF0006E65742E63006E657469662D3E6877610A
:105E00006464725F6C656E206D75737420626520CA
:105E10003620666F722065746865726E65745F6F98
:105E2000757470757421005245454E54206D616C37
:105E30006C6F6320737563636565646564002F62CE
:105E400075696C642F676E752D746F6F6C732D663A
:105E50006F722D73746D33325F31322E332E726553
:105E60006C312E32303234303932362D31373135D3
:105E70002F7372632F6E65776C69622F6E65776C16
:105E800069622F6C6962632F7374646C69622F722C
:105E9000616E642E63002C2066756E6374696F6E8C
:105EA0003A2000617373657274696F6E20222573E6
:105EB00022206661696C65643A2066696C652022FF
:105EC0002573222C206C696E65202564257325734B
:105ED0000A00232D302B2000686C4C006566674556
:105EE0004647003031323334353637383941424352
:105EF0004445460030313233343536373839616203
:085F0000636465660000000007
:085F0800C8A2FE7F01000000A9
:045F1000B5010008CF
:045F140091010008EF
:105F1800E8030000000402400004024000040240BC
:105F2800000802400024F4000100000010000000F6
:105F3800AAAAAAAA00C000006E19000000C00000AA
:105F48000000000003000000EC0A012040000020CF
:105F580000000000EC0A0120540B0120BC0B0120BA
:105F68000000000000000000000000000000000029
:105F78000000000000000000000000000000000019
:105F88000000000000000000000000000000000009
:0C5F9800000000000000000000000000FD
:04000005080004E10A
:00000001FF
